stationID,x_cor,y_cor
13,13,0
14,14,0
15,15,0
16,16,0
17,17,0
18,18,0
53,0,1
54,1,1
55,2,1
56,3,1
57,4,1
58,5,1
59,6,1
60,7,1
61,8,1
62,9,1
63,10,1
64,11,1
65,12,1
66,13,1
67,14,1
68,15,1
69,16,1
70,17,1
71,18,1
72,19,1
73,20,1
74,21,1
106,0,2
107,1,2
108,2,2
109,3,2
110,4,2
111,5,2
112,6,2
113,7,2
114,8,2
115,9,2
116,10,2
117,11,2
118,12,2
119,13,2
120,14,2
121,15,2
122,16,2
123,17,2
124,18,2
125,19,2
126,20,2
127,21,2
128,22,2
129,23,2
159,0,3
160,1,3
161,2,3
162,3,3
163,4,3
164,5,3
165,6,3
166,7,3
167,8,3
168,9,3
169,10,3
170,11,3
171,12,3
172,13,3
173,14,3
174,15,3
175,16,3
176,17,3
177,18,3
178,19,3
179,20,3
180,21,3
181,22,3
182,23,3
183,24,3
184,25,3
185,26,3
186,27,3
187,28,3
188,29,3
212,0,4
213,1,4
214,2,4
215,3,4
216,4,4
217,5,4
218,6,4
219,7,4
220,8,4
221,9,4
222,10,4
223,11,4
224,12,4
225,13,4
226,14,4
227,15,4
228,16,4
229,17,4
230,18,4
231,19,4
232,20,4
233,21,4
234,22,4
235,23,4
236,24,4
237,25,4
238,26,4
239,27,4
240,28,4
241,29,4
242,30,4
243,31,4
244,32,4
245,33,4
265,0,5
266,1,5
267,2,5
268,3,5
269,4,5
270,5,5
271,6,5
272,7,5
273,8,5
274,9,5
275,10,5
276,11,5
277,12,5
278,13,5
279,14,5
280,15,5
281,16,5
282,17,5
283,18,5
284,19,5
285,20,5
286,21,5
287,22,5
288,23,5
289,24,5
290,25,5
291,26,5
292,27,5
293,28,5
294,29,5
295,30,5
296,31,5
297,32,5
298,33,5
299,34,5
300,35,5
301,36,5
318,0,6
319,1,6
320,2,6
321,3,6
322,4,6
323,5,6
324,6,6
325,7,6
326,8,6
327,9,6
328,10,6
329,11,6
330,12,6
331,13,6
332,14,6
333,15,6
334,16,6
335,17,6
336,18,6
337,19,6
338,20,6
339,21,6
340,22,6
341,23,6
342,24,6
343,25,6
344,26,6
345,27,6
346,28,6
347,29,6
348,30,6
349,31,6
350,32,6
351,33,6
352,34,6
353,35,6
354,36,6
355,37,6
356,38,6
357,39,6
372,1,7
373,2,7
374,3,7
375,4,7
376,5,7
377,6,7
378,7,7
379,8,7
380,9,7
381,10,7
382,11,7
383,12,7
384,13,7
385,14,7
386,15,7
387,16,7
388,17,7
389,18,7
390,19,7
391,20,7
392,21,7
393,22,7
394,23,7
395,24,7
396,25,7
397,26,7
398,27,7
399,28,7
400,29,7
401,30,7
402,31,7
403,32,7
404,33,7
405,34,7
406,35,7
407,36,7
408,37,7
409,38,7
410,39,7
411,40,7
412,41,7
413,42,7
425,1,8
426,2,8
427,3,8
428,4,8
429,5,8
430,6,8
431,7,8
432,8,8
433,9,8
434,10,8
435,11,8
436,12,8
437,13,8
438,14,8
439,15,8
440,16,8
441,17,8
442,18,8
443,19,8
444,20,8
445,21,8
446,22,8
447,23,8
448,24,8
449,25,8
450,26,8
451,27,8
452,28,8
453,29,8
454,30,8
455,31,8
456,32,8
457,33,8
458,34,8
459,35,8
460,36,8
461,37,8
462,38,8
463,39,8
464,40,8
465,41,8
466,42,8
467,43,8
468,44,8
478,1,9
479,2,9
480,3,9
481,4,9
482,5,9
483,6,9
484,7,9
485,8,9
486,9,9
487,10,9
488,11,9
489,12,9
490,13,9
491,14,9
492,15,9
493,16,9
494,17,9
495,18,9
496,19,9
497,20,9
498,21,9
499,22,9
500,23,9
501,24,9
502,25,9
503,26,9
504,27,9
505,28,9
506,29,9
507,30,9
508,31,9
509,32,9
510,33,9
511,34,9
512,35,9
513,36,9
514,37,9
515,38,9
516,39,9
517,40,9
518,41,9
519,42,9
520,43,9
521,44,9
532,2,10
533,3,10
534,4,10
535,5,10
536,6,10
537,7,10
538,8,10
539,9,10
540,10,10
541,11,10
542,12,10
543,13,10
544,14,10
545,15,10
546,16,10
547,17,10
548,18,10
549,19,10
550,20,10
551,21,10
552,22,10
553,23,10
554,24,10
555,25,10
556,26,10
557,27,10
558,28,10
559,29,10
560,30,10
561,31,10
562,32,10
563,33,10
564,34,10
565,35,10
566,36,10
567,37,10
568,38,10
569,39,10
570,40,10
571,41,10
572,42,10
573,43,10
574,44,10
585,2,11
586,3,11
587,4,11
588,5,11
589,6,11
590,7,11
591,8,11
592,9,11
593,10,11
594,11,11
595,12,11
596,13,11
597,14,11
598,15,11
599,16,11
600,17,11
601,18,11
602,19,11
603,20,11
604,21,11
605,22,11
606,23,11
607,24,11
608,25,11
609,26,11
610,27,11
611,28,11
612,29,11
613,30,11
614,31,11
615,32,11
616,33,11
617,34,11
618,35,11
619,36,11
620,37,11
621,38,11
622,39,11
623,40,11
624,41,11
625,42,11
626,43,11
627,44,11
628,45,11
638,2,12
639,3,12
640,4,12
641,5,12
642,6,12
643,7,12
644,8,12
645,9,12
646,10,12
647,11,12
648,12,12
649,13,12
650,14,12
651,15,12
652,16,12
653,17,12
654,18,12
655,19,12
656,20,12
657,21,12
658,22,12
659,23,12
660,24,12
661,25,12
662,26,12
663,27,12
664,28,12
665,29,12
666,30,12
667,31,12
668,32,12
669,33,12
670,34,12
671,35,12
672,36,12
673,37,12
674,38,12
675,39,12
676,40,12
677,41,12
678,42,12
679,43,12
680,44,12
681,45,12
682,46,12
691,2,13
692,3,13
693,4,13
694,5,13
695,6,13
696,7,13
697,8,13
698,9,13
699,10,13
700,11,13
701,12,13
702,13,13
703,14,13
704,15,13
705,16,13
706,17,13
707,18,13
708,19,13
709,20,13
710,21,13
711,22,13
712,23,13
713,24,13
714,25,13
715,26,13
716,27,13
717,28,13
718,29,13
719,30,13
720,31,13
721,32,13
722,33,13
723,34,13
724,35,13
725,36,13
726,37,13
727,38,13
728,39,13
729,40,13
730,41,13
731,42,13
732,43,13
733,44,13
734,45,13
735,46,13
736,47,13
744,2,14
745,3,14
746,4,14
747,5,14
748,6,14
749,7,14
750,8,14
751,9,14
752,10,14
753,11,14
754,12,14
755,13,14
756,14,14
757,15,14
758,16,14
759,17,14
760,18,14
761,19,14
762,20,14
763,21,14
764,22,14
765,23,14
766,24,14
767,25,14
768,26,14
769,27,14
770,28,14
771,29,14
772,30,14
773,31,14
774,32,14
775,33,14
776,34,14
777,35,14
778,36,14
779,37,14
780,38,14
781,39,14
782,40,14
783,41,14
784,42,14
785,43,14
786,44,14
787,45,14
788,46,14
789,47,14
790,48,14
797,2,15
798,3,15
799,4,15
800,5,15
801,6,15
802,7,15
803,8,15
804,9,15
805,10,15
806,11,15
807,12,15
808,13,15
809,14,15
810,15,15
811,16,15
812,17,15
813,18,15
814,19,15
815,20,15
816,21,15
817,22,15
818,23,15
819,24,15
820,25,15
821,26,15
822,27,15
823,28,15
824,29,15
825,30,15
826,31,15
827,32,15
828,33,15
829,34,15
830,35,15
831,36,15
832,37,15
833,38,15
834,39,15
835,40,15
836,41,15
837,42,15
838,43,15
839,44,15
840,45,15
841,46,15
842,47,15
843,48,15
844,49,15
850,2,16
851,3,16
852,4,16
853,5,16
854,6,16
855,7,16
856,8,16
857,9,16
858,10,16
859,11,16
860,12,16
861,13,16
862,14,16
863,15,16
864,16,16
865,17,16
866,18,16
867,19,16
868,20,16
869,21,16
870,22,16
871,23,16
872,24,16
873,25,16
874,26,16
875,27,16
876,28,16
877,29,16
878,30,16
879,31,16
880,32,16
881,33,16
882,34,16
883,35,16
884,36,16
885,37,16
886,38,16
887,39,16
888,40,16
889,41,16
890,42,16
891,43,16
892,44,16
893,45,16
894,46,16
895,47,16
896,48,16
897,49,16
898,50,16
904,3,17
905,4,17
906,5,17
907,6,17
908,7,17
909,8,17
910,9,17
911,10,17
912,11,17
913,12,17
914,13,17
915,14,17
916,15,17
917,16,17
918,17,17
919,18,17
920,19,17
921,20,17
922,21,17
923,22,17
924,23,17
925,24,17
926,25,17
927,26,17
928,27,17
929,28,17
930,29,17
931,30,17
932,31,17
933,32,17
934,33,17
935,34,17
936,35,17
937,36,17
938,37,17
939,38,17
940,39,17
941,40,17
942,41,17
943,42,17
944,43,17
945,44,17
946,45,17
947,46,17
948,47,17
949,48,17
950,49,17
951,50,17
957,3,18
958,4,18
959,5,18
960,6,18
961,7,18
962,8,18
963,9,18
964,10,18
965,11,18
966,12,18
967,13,18
968,14,18
969,15,18
970,16,18
971,17,18
972,18,18
973,19,18
974,20,18
975,21,18
976,22,18
977,23,18
978,24,18
979,25,18
980,26,18
981,27,18
982,28,18
983,29,18
984,30,18
985,31,18
986,32,18
987,33,18
988,34,18
989,35,18
990,36,18
991,37,18
992,38,18
993,39,18
994,40,18
995,41,18
996,42,18
997,43,18
998,44,18
999,45,18
1000,46,18
1001,47,18
1002,48,18
1003,49,18
1004,50,18
1005,51,18
1011,4,19
1012,5,19
1013,6,19
1014,7,19
1015,8,19
1016,9,19
1017,10,19
1018,11,19
1019,12,19
1020,13,19
1021,14,19
1022,15,19
1023,16,19
1024,17,19
1025,18,19
1026,19,19
1027,20,19
1028,21,19
1029,22,19
1030,23,19
1031,24,19
1032,25,19
1033,26,19
1034,27,19
1035,28,19
1036,29,19
1037,30,19
1038,31,19
1039,32,19
1040,33,19
1041,34,19
1042,35,19
1043,36,19
1044,37,19
1045,38,19
1046,39,19
1047,40,19
1048,41,19
1049,42,19
1050,43,19
1051,44,19
1052,45,19
1053,46,19
1054,47,19
1055,48,19
1056,49,19
1057,50,19
1058,51,19
1064,4,20
1065,5,20
1066,6,20
1067,7,20
1068,8,20
1069,9,20
1070,10,20
1071,11,20
1072,12,20
1073,13,20
1074,14,20
1075,15,20
1076,16,20
1077,17,20
1078,18,20
1079,19,20
1080,20,20
1081,21,20
1082,22,20
1083,23,20
1084,24,20
1085,25,20
1086,26,20
1087,27,20
1088,28,20
1089,29,20
1090,30,20
1091,31,20
1092,32,20
1093,33,20
1094,34,20
1095,35,20
1096,36,20
1097,37,20
1098,38,20
1099,39,20
1100,40,20
1101,41,20
1102,42,20
1103,43,20
1104,44,20
1105,45,20
1106,46,20
1107,47,20
1108,48,20
1109,49,20
1110,50,20
1111,51,20
1112,52,20
1118,5,21
1119,6,21
1120,7,21
1121,8,21
1122,9,21
1123,10,21
1124,11,21
1125,12,21
1126,13,21
1127,14,21
1128,15,21
1129,16,21
1130,17,21
1131,18,21
1132,19,21
1133,20,21
1134,21,21
1135,22,21
1136,23,21
1137,24,21
1138,25,21
1139,26,21
1140,27,21
1141,28,21
1142,29,21
1143,30,21
1144,31,21
1145,32,21
1146,33,21
1147,34,21
1148,35,21
1149,36,21
1150,37,21
1151,38,21
1152,39,21
1153,40,21
1154,41,21
1155,42,21
1156,43,21
1157,44,21
1158,45,21
1159,46,21
1160,47,21
1161,48,21
1162,49,21
1163,50,21
1164,51,21
1165,52,21
1171,5,22
1172,6,22
1173,7,22
1174,8,22
1175,9,22
1176,10,22
1177,11,22
1178,12,22
1179,13,22
1180,14,22
1181,15,22
1182,16,22
1183,17,22
1184,18,22
1185,19,22
1186,20,22
1187,21,22
1188,22,22
1189,23,22
1190,24,22
1191,25,22
1192,26,22
1193,27,22
1194,28,22
1195,29,22
1196,30,22
1197,31,22
1198,32,22
1199,33,22
1200,34,22
1201,35,22
1202,36,22
1203,37,22
1204,38,22
1205,39,22
1206,40,22
1207,41,22
1208,42,22
1209,43,22
1210,44,22
1211,45,22
1212,46,22
1213,47,22
1214,48,22
1215,49,22
1216,50,22
1217,51,22
1218,52,22
1224,5,23
1225,6,23
1226,7,23
1227,8,23
1228,9,23
1229,10,23
1230,11,23
1231,12,23
1232,13,23
1233,14,23
1234,15,23
1235,16,23
1236,17,23
1237,18,23
1238,19,23
1239,20,23
1240,21,23
1241,22,23
1242,23,23
1243,24,23
1244,25,23
1245,26,23
1246,27,23
1247,28,23
1248,29,23
1249,30,23
1250,31,23
1251,32,23
1252,33,23
1253,34,23
1254,35,23
1255,36,23
1256,37,23
1257,38,23
1258,39,23
1259,40,23
1260,41,23
1261,42,23
1262,43,23
1263,44,23
1264,45,23
1265,46,23
1266,47,23
1267,48,23
1268,49,23
1269,50,23
1270,51,23
1271,52,23
1276,4,24
1277,5,24
1278,6,24
1279,7,24
1280,8,24
1281,9,24
1282,10,24
1283,11,24
1284,12,24
1285,13,24
1286,14,24
1287,15,24
1288,16,24
1289,17,24
1290,18,24
1291,19,24
1292,20,24
1293,21,24
1294,22,24
1295,23,24
1296,24,24
1297,25,24
1298,26,24
1299,27,24
1300,28,24
1301,29,24
1302,30,24
1303,31,24
1304,32,24
1305,33,24
1306,34,24
1307,35,24
1308,36,24
1309,37,24
1310,38,24
1311,39,24
1312,40,24
1313,41,24
1314,42,24
1315,43,24
1316,44,24
1317,45,24
1318,46,24
1319,47,24
1320,48,24
1321,49,24
1322,50,24
1323,51,24
1324,52,24
1329,4,25
1330,5,25
1331,6,25
1332,7,25
1333,8,25
1334,9,25
1335,10,25
1336,11,25
1337,12,25
1338,13,25
1339,14,25
1340,15,25
1341,16,25
1342,17,25
1343,18,25
1344,19,25
1345,20,25
1346,21,25
1347,22,25
1348,23,25
1349,24,25
1350,25,25
1351,26,25
1352,27,25
1353,28,25
1354,29,25
1355,30,25
1356,31,25
1357,32,25
1358,33,25
1359,34,25
1360,35,25
1361,36,25
1362,37,25
1363,38,25
1364,39,25
1365,40,25
1366,41,25
1367,42,25
1368,43,25
1369,44,25
1370,45,25
1371,46,25
1372,47,25
1373,48,25
1374,49,25
1375,50,25
1376,51,25
1377,52,25
1381,3,26
1382,4,26
1383,5,26
1384,6,26
1385,7,26
1386,8,26
1387,9,26
1388,10,26
1389,11,26
1390,12,26
1391,13,26
1392,14,26
1393,15,26
1394,16,26
1395,17,26
1396,18,26
1397,19,26
1398,20,26
1399,21,26
1400,22,26
1401,23,26
1402,24,26
1403,25,26
1404,26,26
1405,27,26
1406,28,26
1407,29,26
1408,30,26
1409,31,26
1410,32,26
1411,33,26
1412,34,26
1413,35,26
1414,36,26
1415,37,26
1416,38,26
1417,39,26
1418,40,26
1419,41,26
1420,42,26
1421,43,26
1422,44,26
1423,45,26
1424,46,26
1425,47,26
1426,48,26
1427,49,26
1428,50,26
1429,51,26
1430,52,26
1433,2,27
1434,3,27
1435,4,27
1436,5,27
1437,6,27
1438,7,27
1439,8,27
1440,9,27
1441,10,27
1442,11,27
1443,12,27
1444,13,27
1445,14,27
1446,15,27
1447,16,27
1448,17,27
1449,18,27
1450,19,27
1451,20,27
1452,21,27
1453,22,27
1454,23,27
1455,24,27
1456,25,27
1457,26,27
1458,27,27
1459,28,27
1460,29,27
1461,30,27
1462,31,27
1463,32,27
1464,33,27
1465,34,27
1466,35,27
1467,36,27
1468,37,27
1469,38,27
1470,39,27
1471,40,27
1472,41,27
1473,42,27
1474,43,27
1475,44,27
1476,45,27
1477,46,27
1478,47,27
1479,48,27
1480,49,27
1481,50,27
1482,51,27
1486,2,28
1487,3,28
1488,4,28
1489,5,28
1490,6,28
1491,7,28
1492,8,28
1493,9,28
1494,10,28
1495,11,28
1496,12,28
1497,13,28
1498,14,28
1499,15,28
1500,16,28
1501,17,28
1502,18,28
1503,19,28
1504,20,28
1505,21,28
1506,22,28
1507,23,28
1508,24,28
1509,25,28
1510,26,28
1511,27,28
1512,28,28
1513,29,28
1514,30,28
1515,31,28
1516,32,28
1517,33,28
1518,34,28
1519,35,28
1520,36,28
1521,37,28
1522,38,28
1523,39,28
1524,40,28
1525,41,28
1526,42,28
1527,43,28
1528,44,28
1529,45,28
1530,46,28
1531,47,28
1532,48,28
1533,49,28
1534,50,28
1535,51,28
1539,2,29
1540,3,29
1541,4,29
1542,5,29
1543,6,29
1544,7,29
1545,8,29
1546,9,29
1547,10,29
1548,11,29
1549,12,29
1550,13,29
1551,14,29
1552,15,29
1553,16,29
1554,17,29
1555,18,29
1556,19,29
1557,20,29
1558,21,29
1559,22,29
1560,23,29
1561,24,29
1562,25,29
1563,26,29
1564,27,29
1565,28,29
1566,29,29
1567,30,29
1568,31,29
1569,32,29
1570,33,29
1571,34,29
1572,35,29
1573,36,29
1574,37,29
1575,38,29
1576,39,29
1577,40,29
1578,41,29
1579,42,29
1580,43,29
1581,44,29
1582,45,29
1583,46,29
1584,47,29
1585,48,29
1586,49,29
1587,50,29
1588,51,29
1591,1,30
1592,2,30
1593,3,30
1594,4,30
1595,5,30
1596,6,30
1597,7,30
1598,8,30
1599,9,30
1600,10,30
1601,11,30
1602,12,30
1603,13,30
1604,14,30
1605,15,30
1606,16,30
1607,17,30
1608,18,30
1609,19,30
1610,20,30
1611,21,30
1612,22,30
1613,23,30
1614,24,30
1615,25,30
1616,26,30
1617,27,30
1618,28,30
1619,29,30
1620,30,30
1621,31,30
1622,32,30
1623,33,30
1624,34,30
1625,35,30
1626,36,30
1627,37,30
1628,38,30
1629,39,30
1630,40,30
1631,41,30
1632,42,30
1633,43,30
1634,44,30
1635,45,30
1636,46,30
1637,47,30
1638,48,30
1639,49,30
1640,50,30
1641,51,30
1644,1,31
1645,2,31
1646,3,31
1647,4,31
1648,5,31
1649,6,31
1650,7,31
1651,8,31
1652,9,31
1653,10,31
1654,11,31
1655,12,31
1656,13,31
1657,14,31
1658,15,31
1659,16,31
1660,17,31
1661,18,31
1662,19,31
1663,20,31
1664,21,31
1665,22,31
1666,23,31
1667,24,31
1668,25,31
1669,26,31
1670,27,31
1671,28,31
1672,29,31
1673,30,31
1674,31,31
1675,32,31
1676,33,31
1677,34,31
1678,35,31
1679,36,31
1680,37,31
1681,38,31
1682,39,31
1683,40,31
1684,41,31
1685,42,31
1686,43,31
1687,44,31
1688,45,31
1689,46,31
1690,47,31
1691,48,31
1692,49,31
1693,50,31
1694,51,31
1695,52,31
1696,0,32
1697,1,32
1698,2,32
1699,3,32
1700,4,32
1701,5,32
1702,6,32
1703,7,32
1704,8,32
1705,9,32
1706,10,32
1707,11,32
1708,12,32
1709,13,32
1710,14,32
1711,15,32
1712,16,32
1713,17,32
1714,18,32
1715,19,32
1716,20,32
1717,21,32
1718,22,32
1719,23,32
1720,24,32
1721,25,32
1722,26,32
1723,27,32
1724,28,32
1725,29,32
1726,30,32
1727,31,32
1728,32,32
1729,33,32
1730,34,32
1731,35,32
1732,36,32
1733,37,32
1734,38,32
1735,39,32
1736,40,32
1737,41,32
1738,42,32
1739,43,32
1740,44,32
1741,45,32
1742,46,32
1743,47,32
1744,48,32
1745,49,32
1746,50,32
1747,51,32
1748,52,32
1749,0,33
1750,1,33
1751,2,33
1752,3,33
1753,4,33
1754,5,33
1755,6,33
1756,7,33
1757,8,33
1758,9,33
1759,10,33
1760,11,33
1761,12,33
1762,13,33
1763,14,33
1764,15,33
1765,16,33
1766,17,33
1767,18,33
1768,19,33
1769,20,33
1770,21,33
1771,22,33
1772,23,33
1773,24,33
1774,25,33
1775,26,33
1776,27,33
1777,28,33
1778,29,33
1779,30,33
1780,31,33
1781,32,33
1782,33,33
1783,34,33
1784,35,33
1785,36,33
1786,37,33
1787,38,33
1788,39,33
1789,40,33
1790,41,33
1791,42,33
1792,43,33
1793,44,33
1794,45,33
1795,46,33
1796,47,33
1797,48,33
1798,49,33
1799,50,33
1800,51,33
1803,1,34
1804,2,34
1805,3,34
1806,4,34
1807,5,34
1808,6,34
1809,7,34
1810,8,34
1811,9,34
1812,10,34
1813,11,34
1814,12,34
1815,13,34
1816,14,34
1817,15,34
1818,16,34
1819,17,34
1820,18,34
1821,19,34
1822,20,34
1823,21,34
1824,22,34
1825,23,34
1826,24,34
1827,25,34
1828,26,34
1829,27,34
1830,28,34
1831,29,34
1832,30,34
1833,31,34
1834,32,34
1835,33,34
1836,34,34
1837,35,34
1838,36,34
1839,37,34
1840,38,34
1841,39,34
1842,40,34
1843,41,34
1844,42,34
1845,43,34
1846,44,34
1847,45,34
1848,46,34
1849,47,34
1850,48,34
1851,49,34
1852,50,34
1857,2,35
1858,3,35
1859,4,35
1860,5,35
1861,6,35
1862,7,35
1863,8,35
1864,9,35
1865,10,35
1866,11,35
1867,12,35
1868,13,35
1869,14,35
1870,15,35
1871,16,35
1872,17,35
1873,18,35
1874,19,35
1875,20,35
1876,21,35
1877,22,35
1878,23,35
1879,24,35
1880,25,35
1881,26,35
1882,27,35
1883,28,35
1884,29,35
1885,30,35
1886,31,35
1887,32,35
1888,33,35
1889,34,35
1890,35,35
1891,36,35
1892,37,35
1893,38,35
1894,39,35
1895,40,35
1896,41,35
1897,42,35
1898,43,35
1899,44,35
1900,45,35
1901,46,35
1902,47,35
1903,48,35
1904,49,35
1909,1,36
1910,2,36
1911,3,36
1912,4,36
1913,5,36
1914,6,36
1915,7,36
1916,8,36
1917,9,36
1918,10,36
1919,11,36
1920,12,36
1921,13,36
1922,14,36
1923,15,36
1924,16,36
1925,17,36
1926,18,36
1927,19,36
1928,20,36
1929,21,36
1930,22,36
1931,23,36
1932,24,36
1933,25,36
1934,26,36
1935,27,36
1936,28,36
1937,29,36
1938,30,36
1939,31,36
1940,32,36
1941,33,36
1942,34,36
1943,35,36
1944,36,36
1945,37,36
1946,38,36
1947,39,36
1948,40,36
1949,41,36
1950,42,36
1951,43,36
1952,44,36
1953,45,36
1954,46,36
1955,47,36
1956,48,36
1962,1,37
1963,2,37
1964,3,37
1965,4,37
1966,5,37
1967,6,37
1968,7,37
1969,8,37
1970,9,37
1971,10,37
1972,11,37
1973,12,37
1974,13,37
1975,14,37
1976,15,37
1977,16,37
1978,17,37
1979,18,37
1980,19,37
1981,20,37
1982,21,37
1983,22,37
1984,23,37
1985,24,37
1986,25,37
1987,26,37
1988,27,37
1989,28,37
1990,29,37
1991,30,37
1992,31,37
1993,32,37
1994,33,37
1995,34,37
1996,35,37
1997,36,37
1998,37,37
1999,38,37
2000,39,37
2001,40,37
2002,41,37
2003,42,37
2004,43,37
2005,44,37
2006,45,37
2007,46,37
2008,47,37
2009,48,37
2015,1,38
2016,2,38
2017,3,38
2018,4,38
2019,5,38
2020,6,38
2021,7,38
2022,8,38
2023,9,38
2024,10,38
2025,11,38
2026,12,38
2027,13,38
2028,14,38
2029,15,38
2030,16,38
2031,17,38
2032,18,38
2033,19,38
2034,20,38
2035,21,38
2036,22,38
2037,23,38
2038,24,38
2039,25,38
2040,26,38
2041,27,38
2042,28,38
2043,29,38
2044,30,38
2045,31,38
2046,32,38
2047,33,38
2048,34,38
2049,35,38
2050,36,38
2051,37,38
2052,38,38
2053,39,38
2054,40,38
2055,41,38
2056,42,38
2057,43,38
2058,44,38
2059,45,38
2060,46,38
2061,47,38
2062,48,38
2069,2,39
2070,3,39
2071,4,39
2072,5,39
2073,6,39
2074,7,39
2075,8,39
2076,9,39
2077,10,39
2078,11,39
2079,12,39
2080,13,39
2081,14,39
2082,15,39
2083,16,39
2084,17,39
2085,18,39
2086,19,39
2087,20,39
2088,21,39
2089,22,39
2090,23,39
2091,24,39
2092,25,39
2093,26,39
2094,27,39
2095,28,39
2096,29,39
2097,30,39
2098,31,39
2099,32,39
2100,33,39
2101,34,39
2102,35,39
2103,36,39
2104,37,39
2105,38,39
2106,39,39
2107,40,39
2108,41,39
2109,42,39
2110,43,39
2111,44,39
2112,45,39
2113,46,39
2114,47,39
2123,3,40
2124,4,40
2125,5,40
2126,6,40
2127,7,40
2128,8,40
2129,9,40
2130,10,40
2131,11,40
2132,12,40
2133,13,40
2134,14,40
2135,15,40
2136,16,40
2137,17,40
2138,18,40
2139,19,40
2140,20,40
2141,21,40
2142,22,40
2143,23,40
2144,24,40
2145,25,40
2146,26,40
2147,27,40
2148,28,40
2149,29,40
2150,30,40
2151,31,40
2152,32,40
2153,33,40
2154,34,40
2155,35,40
2156,36,40
2157,37,40
2158,38,40
2159,39,40
2160,40,40
2161,41,40
2162,42,40
2163,43,40
2164,44,40
2165,45,40
2166,46,40
2167,47,40
2177,4,41
2178,5,41
2179,6,41
2180,7,41
2181,8,41
2182,9,41
2183,10,41
2184,11,41
2185,12,41
2186,13,41
2187,14,41
2188,15,41
2189,16,41
2190,17,41
2191,18,41
2192,19,41
2193,20,41
2194,21,41
2195,22,41
2196,23,41
2197,24,41
2198,25,41
2199,26,41
2200,27,41
2201,28,41
2202,29,41
2203,30,41
2204,31,41
2205,32,41
2206,33,41
2207,34,41
2208,35,41
2209,36,41
2210,37,41
2211,38,41
2212,39,41
2213,40,41
2214,41,41
2215,42,41
2216,43,41
2217,44,41
2218,45,41
2219,46,41
2231,5,42
2232,6,42
2233,7,42
2234,8,42
2235,9,42
2236,10,42
2237,11,42
2238,12,42
2239,13,42
2240,14,42
2241,15,42
2242,16,42
2243,17,42
2244,18,42
2245,19,42
2246,20,42
2247,21,42
2248,22,42
2249,23,42
2250,24,42
2251,25,42
2252,26,42
2253,27,42
2254,28,42
2255,29,42
2256,30,42
2257,31,42
2258,32,42
2259,33,42
2260,34,42
2261,35,42
2262,36,42
2263,37,42
2264,38,42
2265,39,42
2266,40,42
2267,41,42
2268,42,42
2269,43,42
2270,44,42
2271,45,42
2272,46,42
2284,5,43
2285,6,43
2286,7,43
2287,8,43
2288,9,43
2289,10,43
2290,11,43
2291,12,43
2292,13,43
2293,14,43
2294,15,43
2295,16,43
2296,17,43
2297,18,43
2298,19,43
2299,20,43
2300,21,43
2301,22,43
2302,23,43
2303,24,43
2304,25,43
2305,26,43
2306,27,43
2307,28,43
2308,29,43
2309,30,43
2310,31,43
2311,32,43
2312,33,43
2313,34,43
2314,35,43
2315,36,43
2316,37,43
2317,38,43
2318,39,43
2319,40,43
2320,41,43
2321,42,43
2322,43,43
2323,44,43
2324,45,43
2337,5,44
2338,6,44
2339,7,44
2340,8,44
2341,9,44
2342,10,44
2343,11,44
2344,12,44
2345,13,44
2346,14,44
2347,15,44
2348,16,44
2349,17,44
2350,18,44
2351,19,44
2352,20,44
2353,21,44
2354,22,44
2355,23,44
2356,24,44
2357,25,44
2358,26,44
2359,27,44
2360,28,44
2361,29,44
2362,30,44
2363,31,44
2364,32,44
2365,33,44
2366,34,44
2367,35,44
2368,36,44
2369,37,44
2370,38,44
2371,39,44
2372,40,44
2373,41,44
2374,42,44
2375,43,44
2376,44,44
2377,45,44
2391,6,45
2392,7,45
2393,8,45
2394,9,45
2395,10,45
2396,11,45
2397,12,45
2398,13,45
2399,14,45
2400,15,45
2401,16,45
2402,17,45
2403,18,45
2404,19,45
2405,20,45
2406,21,45
2407,22,45
2408,23,45
2409,24,45
2410,25,45
2411,26,45
2412,27,45
2413,28,45
2414,29,45
2415,30,45
2416,31,45
2417,32,45
2418,33,45
2419,34,45
2420,35,45
2421,36,45
2422,37,45
2423,38,45
2424,39,45
2425,40,45
2426,41,45
2427,42,45
2428,43,45
2429,44,45
2430,45,45
2444,6,46
2445,7,46
2446,8,46
2447,9,46
2448,10,46
2449,11,46
2450,12,46
2451,13,46
2452,14,46
2453,15,46
2454,16,46
2455,17,46
2456,18,46
2457,19,46
2458,20,46
2459,21,46
2460,22,46
2461,23,46
2462,24,46
2463,25,46
2464,26,46
2465,27,46
2466,28,46
2467,29,46
2468,30,46
2469,31,46
2470,32,46
2471,33,46
2472,34,46
2473,35,46
2474,36,46
2475,37,46
2476,38,46
2477,39,46
2478,40,46
2479,41,46
2480,42,46
2481,43,46
2482,44,46
2497,6,47
2498,7,47
2499,8,47
2500,9,47
2501,10,47
2502,11,47
2503,12,47
2504,13,47
2505,14,47
2506,15,47
2507,16,47
2508,17,47
2509,18,47
2510,19,47
2511,20,47
2512,21,47
2513,22,47
2514,23,47
2515,24,47
2516,25,47
2517,26,47
2518,27,47
2519,28,47
2520,29,47
2521,30,47
2522,31,47
2523,32,47
2524,33,47
2525,34,47
2526,35,47
2527,36,47
2528,37,47
2529,38,47
2530,39,47
2531,40,47
2532,41,47
2533,42,47
2534,43,47
2535,44,47
2550,6,48
2551,7,48
2552,8,48
2553,9,48
2554,10,48
2555,11,48
2556,12,48
2557,13,48
2558,14,48
2559,15,48
2560,16,48
2561,17,48
2562,18,48
2563,19,48
2564,20,48
2565,21,48
2566,22,48
2567,23,48
2568,24,48
2569,25,48
2570,26,48
2571,27,48
2572,28,48
2573,29,48
2574,30,48
2575,31,48
2576,32,48
2577,33,48
2578,34,48
2579,35,48
2580,36,48
2581,37,48
2582,38,48
2583,39,48
2584,40,48
2585,41,48
2586,42,48
2587,43,48
2588,44,48
2603,6,49
2604,7,49
2605,8,49
2606,9,49
2607,10,49
2608,11,49
2609,12,49
2610,13,49
2611,14,49
2612,15,49
2613,16,49
2614,17,49
2615,18,49
2616,19,49
2617,20,49
2618,21,49
2619,22,49
2620,23,49
2621,24,49
2622,25,49
2623,26,49
2624,27,49
2625,28,49
2626,29,49
2627,30,49
2628,31,49
2629,32,49
2630,33,49
2631,34,49
2632,35,49
2633,36,49
2634,37,49
2635,38,49
2636,39,49
2637,40,49
2638,41,49
2639,42,49
2640,43,49
2641,44,49
2656,6,50
2657,7,50
2658,8,50
2659,9,50
2660,10,50
2661,11,50
2662,12,50
2663,13,50
2664,14,50
2665,15,50
2666,16,50
2667,17,50
2668,18,50
2669,19,50
2670,20,50
2671,21,50
2672,22,50
2673,23,50
2674,24,50
2675,25,50
2676,26,50
2677,27,50
2678,28,50
2679,29,50
2680,30,50
2681,31,50
2682,32,50
2683,33,50
2684,34,50
2685,35,50
2686,36,50
2710,7,51
2711,8,51
2712,9,51
2713,10,51
2714,11,51
2715,12,51
2716,13,51
2717,14,51
2718,15,51
2719,16,51
2720,17,51
2721,18,51
2722,19,51
2723,20,51
2724,21,51
2725,22,51
2726,23,51
2727,24,51
2728,25,51
2729,26,51
2730,27,51
2731,28,51
2732,29,51
2733,30,51
2734,31,51
2735,32,51
2763,7,52
2764,8,52
2765,9,52
2766,10,52
2767,11,52
2768,12,52
2769,13,52
2770,14,52
2771,15,52
2772,16,52
2773,17,52
2774,18,52
2775,19,52
2776,20,52
2777,21,52
2778,22,52
2823,14,53
2824,15,53
2825,16,53
2826,17,53
2827,18,53
2828,19,53
