label,lng,Lat
12,116.235409,39.69369321
13,116.2470712,39.69376942
14,116.2587334,39.69384445
15,116.2703956,39.69391832
16,116.2820579,39.69399101
17,116.2937202,39.69406253
18,116.3053826,39.69413288
53,116.0953491,39.70169654
54,116.1070122,39.70178682
55,116.1186753,39.70187594
56,116.1303385,39.70196388
57,116.1420018,39.70205066
58,116.1536651,39.70213626
59,116.1653284,39.70222069
60,116.1769918,39.70230395
61,116.1886553,39.70238604
62,116.2003188,39.70246696
63,116.2119823,39.7025467
64,116.2236459,39.70262528
65,116.2353096,39.70270268
66,116.2469732,39.70277891
67,116.258637,39.70285397
68,116.2703007,39.70292786
69,116.2819645,39.70300057
70,116.2936284,39.70307212
71,116.3052923,39.70314249
72,116.3169562,39.70321169
73,116.3286202,39.70327972
74,116.3402842,39.70334658
106,116.0952314,39.71070567
107,116.106896,39.71079599
108,116.1185607,39.71088513
109,116.1302254,39.7109731
110,116.1418902,39.71105991
111,116.153555,39.71114554
112,116.1652199,39.71122999
113,116.1768848,39.71131328
114,116.1885497,39.71139539
115,116.2002148,39.71147634
116,116.2118798,39.71155611
117,116.2235449,39.71163471
118,116.2352101,39.71171213
119,116.2468753,39.71178839
120,116.2585405,39.71186347
121,116.2702058,39.71193738
122,116.2818711,39.71201012
123,116.2935365,39.71208169
124,116.3052019,39.71215209
125,116.3168674,39.71222131
126,116.3285329,39.71228936
127,116.3401984,39.71235624
128,116.351864,39.71242195
129,116.3635296,39.71248648
159,116.0951137,39.71971479
160,116.1067798,39.71980514
161,116.118446,39.71989431
162,116.1301122,39.71998231
163,116.1417785,39.72006914
164,116.1534449,39.7201548
165,116.1651112,39.72023928
166,116.1767777,39.72032259
167,116.1884442,39.72040473
168,116.2001107,39.7204857
169,116.2117773,39.7205655
170,116.2234439,39.72064412
171,116.2351106,39.72072157
172,116.2467773,39.72079785
173,116.2584441,39.72087296
174,116.2701109,39.72094689
175,116.2817777,39.72101966
176,116.2934446,39.72109125
177,116.3051115,39.72116167
178,116.3167785,39.72123091
179,116.3284455,39.72129898
180,116.3401126,39.72136589
181,116.3517796,39.72143162
182,116.3634468,39.72149617
183,116.3751139,39.72155956
184,116.3867811,39.72162177
185,116.3984484,39.72168281
186,116.4101156,39.72174267
187,116.4217829,39.72180137
188,116.4334503,39.72185889
212,116.0949959,39.7287239
213,116.1066635,39.72881427
214,116.1183312,39.72890347
215,116.129999,39.7289915
216,116.1416668,39.72907836
217,116.1533347,39.72916404
218,116.1650026,39.72924855
219,116.1766705,39.72933189
220,116.1883385,39.72941406
221,116.2000066,39.72949505
222,116.2116747,39.72957487
223,116.2233428,39.72965352
224,116.235011,39.729731
225,116.2466793,39.7298073
226,116.2583475,39.72988243
227,116.2700159,39.72995639
228,116.2816842,39.73002918
229,116.2933526,39.73010079
230,116.3050211,39.73017123
231,116.3166896,39.7302405
232,116.3283581,39.73030859
233,116.3400267,39.73037552
234,116.3516953,39.73044127
235,116.3633639,39.73050584
236,116.3750326,39.73056925
237,116.3867013,39.73063148
238,116.3983701,39.73069254
239,116.4100389,39.73075242
240,116.4217077,39.73081114
241,116.4333765,39.73086868
242,116.4450454,39.73092505
243,116.4567143,39.73098024
244,116.4683833,39.73103426
245,116.4800523,39.73108711
265,116.0948781,39.73773299
266,116.1065472,39.73782339
267,116.1182165,39.73791262
268,116.1298857,39.73800068
269,116.1415551,39.73808756
270,116.1532244,39.73817327
271,116.1648939,39.73825781
272,116.1765633,39.73834118
273,116.1882329,39.73842337
274,116.1999024,39.73850439
275,116.211572,39.73858424
276,116.2232417,39.73866291
277,116.2349114,39.73874041
278,116.2465812,39.73881674
279,116.258251,39.73889189
280,116.2699208,39.73896588
281,116.2815907,39.73903868
282,116.2932606,39.73911032
283,116.3049306,39.73918078
284,116.3166006,39.73925007
285,116.3282706,39.73931819
286,116.3399407,39.73938513
287,116.3516108,39.7394509
288,116.363281,39.7395155
289,116.3749512,39.73957893
290,116.3866215,39.73964118
291,116.3982917,39.73970226
292,116.409962,39.73976216
293,116.4216324,39.73982089
294,116.4333028,39.73987845
295,116.4449732,39.73993484
296,116.4566436,39.73999005
297,116.4683141,39.74004409
298,116.4799846,39.74009696
299,116.4916551,39.74014865
300,116.5033257,39.74019917
301,116.5149963,39.74024851
318,116.0947602,39.74674207
319,116.1064309,39.7468325
320,116.1181016,39.74692176
321,116.1297724,39.74700984
322,116.1414433,39.74709675
323,116.1531141,39.74718249
324,116.1647851,39.74726706
325,116.1764561,39.74735045
326,116.1881271,39.74743267
327,116.1997982,39.74751371
328,116.2114694,39.74759358
329,116.2231405,39.74767228
330,116.2348118,39.74774981
331,116.246483,39.74782616
332,116.2581544,39.74790134
333,116.2698257,39.74797535
334,116.2814971,39.74804818
335,116.2931686,39.74811984
336,116.3048401,39.74819032
337,116.3165116,39.74825963
338,116.3281831,39.74832777
339,116.3398548,39.74839474
340,116.3515264,39.74846053
341,116.3631981,39.74852515
342,116.3748698,39.74858859
343,116.3865416,39.74865086
344,116.3982134,39.74871196
345,116.4098852,39.74877188
346,116.421557,39.74883063
347,116.4332289,39.74888821
348,116.4449009,39.74894461
349,116.4565728,39.74899984
350,116.4682448,39.7490539
351,116.4799169,39.74910678
352,116.4915889,39.74915849
353,116.503261,39.74920903
354,116.5149331,39.74925839
355,116.5266053,39.74930658
356,116.5382774,39.7493536
357,116.5499496,39.74939944
372,116.1063145,39.75584159
373,116.1179867,39.75593088
374,116.129659,39.75601899
375,116.1413314,39.75610593
376,116.1530038,39.75619169
377,116.1646763,39.75627629
378,116.1763488,39.7563597
379,116.1880214,39.75644195
380,116.199694,39.75652302
381,116.2113666,39.75660292
382,116.2230393,39.75668164
383,116.2347121,39.75675919
384,116.2463849,39.75683557
385,116.2580577,39.75691077
386,116.2697306,39.7569848
387,116.2814035,39.75705766
388,116.2930765,39.75712934
389,116.3047495,39.75719984
390,116.3164225,39.75726918
391,116.3280956,39.75733734
392,116.3397687,39.75740432
393,116.3514419,39.75747014
394,116.3631151,39.75753478
395,116.3747884,39.75759824
396,116.3864616,39.75766053
397,116.3981349,39.75772165
398,116.4098083,39.75778159
399,116.4214817,39.75784036
400,116.4331551,39.75789796
401,116.4448285,39.75795438
402,116.456502,39.75800963
403,116.4681755,39.7580637
404,116.4798491,39.7581166
405,116.4915227,39.75816832
406,116.5031963,39.75821888
407,116.5148699,39.75826825
408,116.5265436,39.75831646
409,116.5382173,39.75836349
410,116.549891,39.75840934
411,116.5615647,39.75845403
412,116.5732385,39.75849753
413,116.5849123,39.75853987
425,116.106198,39.76485067
426,116.1178718,39.76493998
427,116.1295456,39.76502812
428,116.1412195,39.76511509
429,116.1528934,39.76520088
430,116.1645674,39.7652855
431,116.1762415,39.76536895
432,116.1879155,39.76545122
433,116.1995897,39.76553231
434,116.2112638,39.76561224
435,116.2229381,39.76569099
436,116.2346123,39.76576856
437,116.2462866,39.76584496
438,116.257961,39.76592019
439,116.2696354,39.76599424
440,116.2813099,39.76606712
441,116.2929843,39.76613882
442,116.3046589,39.76620935
443,116.3163334,39.76627871
444,116.328008,39.76634689
445,116.3396827,39.7664139
446,116.3513574,39.76647973
447,116.3630321,39.76654439
448,116.3747069,39.76660788
449,116.3863817,39.76667019
450,116.3980565,39.76673132
451,116.4097314,39.76679129
452,116.4214063,39.76685007
453,116.4330812,39.76690769
454,116.4447562,39.76696413
455,116.4564312,39.76701939
456,116.4681062,39.76707348
457,116.4797813,39.7671264
458,116.4914564,39.76717814
459,116.5031315,39.76722871
460,116.5148067,39.7672781
461,116.5264819,39.76732632
462,116.5381571,39.76737337
463,116.5498323,39.76741924
464,116.5615076,39.76746393
465,116.5731829,39.76750746
466,116.5848582,39.7675498
467,116.5965335,39.76759098
468,116.6082089,39.76763097
478,116.1060815,39.77385973
479,116.1177568,39.77394907
480,116.1294321,39.77403724
481,116.1411075,39.77412424
482,116.152783,39.77421006
483,116.1644585,39.7742947
484,116.1761341,39.77437817
485,116.1878097,39.77446047
486,116.1994853,39.77454159
487,116.211161,39.77462154
488,116.2228368,39.77470032
489,116.2345126,39.77477792
490,116.2461884,39.77485434
491,116.2578643,39.77492959
492,116.2695402,39.77500367
493,116.2812162,39.77507657
494,116.2928922,39.7751483
495,116.3045682,39.77521885
496,116.3162443,39.77528823
497,116.3279204,39.77535643
498,116.3395966,39.77542346
499,116.3512728,39.77548931
500,116.3629491,39.77555399
501,116.3746253,39.7756175
502,116.3863017,39.77567983
503,116.397978,39.77574098
504,116.4096544,39.77580097
505,116.4213308,39.77585977
506,116.4330073,39.7759174
507,116.4446838,39.77597386
508,116.4563603,39.77602914
509,116.4680369,39.77608325
510,116.4797135,39.77613619
511,116.4913901,39.77618794
512,116.5030667,39.77623853
513,116.5147434,39.77628794
514,116.5264201,39.77633617
515,116.5380969,39.77638323
516,116.5497736,39.77642912
517,116.5614504,39.77647383
518,116.5731272,39.77651736
519,116.5848041,39.77655972
520,116.5964809,39.77660091
521,116.6081578,39.77664092
532,116.1176417,39.78295815
533,116.1293186,39.78304635
534,116.1409955,39.78313337
535,116.1526725,39.78321922
536,116.1643495,39.78330389
537,116.1760266,39.78338739
538,116.1877037,39.78346971
539,116.1993809,39.78355086
540,116.2110581,39.78363083
541,116.2227354,39.78370963
542,116.2344127,39.78378726
543,116.2460901,39.78386371
544,116.2577675,39.78393898
545,116.2694449,39.78401308
546,116.2811224,39.78408601
547,116.2927999,39.78415775
548,116.3044775,39.78422833
549,116.3161551,39.78429773
550,116.3278328,39.78436595
551,116.3395105,39.78443301
552,116.3511882,39.78449888
553,116.362866,39.78456358
554,116.3745438,39.78462711
555,116.3862216,39.78468946
556,116.3978995,39.78475063
557,116.4095774,39.78481063
558,116.4212554,39.78486946
559,116.4329334,39.78492711
560,116.4446114,39.78498358
561,116.4562894,39.78503888
562,116.4679675,39.78509301
563,116.4796456,39.78514596
564,116.4913238,39.78519773
565,116.5030019,39.78524833
566,116.5146801,39.78529776
567,116.5263584,39.78534601
568,116.5380366,39.78539308
569,116.5497149,39.78543898
570,116.5613932,39.78548371
571,116.5730716,39.78552726
572,116.5847499,39.78556963
573,116.5964283,39.78561083
574,116.6081067,39.78565085
585,116.1175266,39.79196721
586,116.129205,39.79205544
587,116.1408835,39.79214249
588,116.152562,39.79222836
589,116.1642405,39.79231306
590,116.1759191,39.79239659
591,116.1875978,39.79247894
592,116.1992765,39.79256011
593,116.2109552,39.79264011
594,116.222634,39.79271893
595,116.2343129,39.79279658
596,116.2459917,39.79287306
597,116.2576707,39.79294836
598,116.2693496,39.79302248
599,116.2810286,39.79309543
600,116.2927077,39.7931672
601,116.3043868,39.7932378
602,116.3160659,39.79330722
603,116.3277451,39.79337547
604,116.3394243,39.79344254
605,116.3511036,39.79350843
606,116.3627829,39.79357315
607,116.3744622,39.7936367
608,116.3861416,39.79369907
609,116.397821,39.79376026
610,116.4095004,39.79382028
611,116.4211799,39.79387913
612,116.4328594,39.7939368
613,116.4445389,39.79399329
614,116.4562185,39.79404861
615,116.4678981,39.79410275
616,116.4795777,39.79415572
617,116.4912574,39.79420751
618,116.5029371,39.79425812
619,116.5146168,39.79430756
620,116.5262966,39.79435583
621,116.5379764,39.79440292
622,116.5496562,39.79444883
623,116.561336,39.79449357
624,116.5730159,39.79453714
625,116.5846957,39.79457952
626,116.5963757,39.79462074
627,116.6080556,39.79466077
628,116.6197355,39.79469963
638,116.1174115,39.80097626
639,116.1290914,39.80106452
640,116.1407714,39.80115159
641,116.1524514,39.8012375
642,116.1641315,39.80132222
643,116.1758116,39.80140577
644,116.1874918,39.80148815
645,116.199172,39.80156935
646,116.2108523,39.80164937
647,116.2225326,39.80172822
648,116.2342129,39.8018059
649,116.2458933,39.80188239
650,116.2575738,39.80195772
651,116.2692543,39.80203186
652,116.2809348,39.80210483
653,116.2926154,39.80217663
654,116.304296,39.80224725
655,116.3159767,39.80231669
656,116.3276574,39.80238496
657,116.3393381,39.80245205
658,116.3510189,39.80251797
659,116.3626997,39.80258271
660,116.3743806,39.80264628
661,116.3860614,39.80270867
662,116.3977424,39.80276988
663,116.4094233,39.80282992
664,116.4211043,39.80288878
665,116.4327854,39.80294647
666,116.4444664,39.80300298
667,116.4561475,39.80305832
668,116.4678287,39.80311248
669,116.4795098,39.80316546
670,116.491191,39.80321727
671,116.5028722,39.8032679
672,116.5145535,39.80331736
673,116.5262348,39.80336564
674,116.5379161,39.80341274
675,116.5495974,39.80345867
676,116.5612787,39.80350342
677,116.5729601,39.803547
678,116.5846415,39.8035894
679,116.596323,39.80363063
680,116.6080044,39.80367068
681,116.6196859,39.80370955
682,116.6313674,39.80374725
691,116.1172963,39.8099853
692,116.1289777,39.81007358
693,116.1406592,39.81016068
694,116.1523408,39.81024661
695,116.1640224,39.81033137
696,116.175704,39.81041494
697,116.1873857,39.81049735
698,116.1990675,39.81057857
699,116.2107492,39.81065862
700,116.2224311,39.8107375
701,116.234113,39.81081519
702,116.2457949,39.81089172
703,116.2574769,39.81096706
704,116.2691589,39.81104123
705,116.280841,39.81111423
706,116.2925231,39.81118605
707,116.3042052,39.81125669
708,116.3158874,39.81132615
709,116.3275696,39.81139444
710,116.3392519,39.81146156
711,116.3509342,39.8115275
712,116.3626165,39.81159226
713,116.3742989,39.81165584
714,116.3859813,39.81171825
715,116.3976638,39.81177949
716,116.4093462,39.81183954
717,116.4210288,39.81189843
718,116.4327113,39.81195613
719,116.4443939,39.81201266
720,116.4560765,39.81206801
721,116.4677592,39.81212219
722,116.4794419,39.81217519
723,116.4911246,39.81222702
724,116.5028073,39.81227766
725,116.5144901,39.81232714
726,116.5261729,39.81237543
727,116.5378557,39.81242255
728,116.5495386,39.81246849
729,116.5612215,39.81251326
730,116.5729044,39.81255685
731,116.5845873,39.81259927
732,116.5962703,39.81264051
733,116.6079533,39.81268057
734,116.6196363,39.81271945
735,116.6313193,39.81275716
736,116.6430023,39.8127937
744,116.117181,39.81899432
745,116.128864,39.81908263
746,116.140547,39.81916976
747,116.1522301,39.81925572
748,116.1639132,39.8193405
749,116.1755964,39.8194241
750,116.1872796,39.81950653
751,116.1989629,39.81958778
752,116.2106462,39.81966786
753,116.2223296,39.81974675
754,116.234013,39.81982448
755,116.2456964,39.81990102
756,116.2573799,39.81997639
757,116.2690635,39.82005059
758,116.280747,39.82012361
759,116.2924307,39.82019545
760,116.3041143,39.82026611
761,116.315798,39.8203356
762,116.3274818,39.82040391
763,116.3391656,39.82047105
764,116.3508494,39.82053701
765,116.3625333,39.82060179
766,116.3742172,39.82066539
767,116.3859011,39.82072782
768,116.3975851,39.82078908
769,116.4092691,39.82084915
770,116.4209532,39.82090805
771,116.4326372,39.82096578
772,116.4443214,39.82102232
773,116.4560055,39.8210777
774,116.4676897,39.82113189
775,116.4793739,39.82118491
776,116.4910581,39.82123675
777,116.5027424,39.82128741
778,116.5144267,39.8213369
779,116.526111,39.82138521
780,116.5377954,39.82143235
781,116.5494798,39.8214783
782,116.5611642,39.82152308
783,116.5728486,39.82156669
784,116.5845331,39.82160912
785,116.5962176,39.82165037
786,116.6079021,39.82169044
787,116.6195866,39.82172934
788,116.6312711,39.82176706
789,116.6429557,39.82180361
790,116.6546403,39.82183898
797,116.1170657,39.82800332
798,116.1287502,39.82809166
799,116.1404348,39.82817882
800,116.1521194,39.8282648
801,116.163804,39.82834961
802,116.1754887,39.82843324
803,116.1871734,39.8285157
804,116.1988582,39.82859697
805,116.2105431,39.82867708
806,116.222228,39.828756
807,116.2339129,39.82883375
808,116.2455979,39.82891032
809,116.2572829,39.82898571
810,116.268968,39.82905993
811,116.2806531,39.82913297
812,116.2923382,39.82920483
813,116.3040234,39.82927552
814,116.3157087,39.82934503
815,116.327394,39.82941337
816,116.3390793,39.82948052
817,116.3507646,39.8295465
818,116.36245,39.8296113
819,116.3741354,39.82967493
820,116.3858209,39.82973738
821,116.3975064,39.82979865
822,116.4091919,39.82985875
823,116.4208775,39.82991767
824,116.4325631,39.82997541
825,116.4442488,39.83003197
826,116.4559344,39.83008736
827,116.4676201,39.83014157
828,116.4793059,39.83019461
829,116.4909916,39.83024647
830,116.5026774,39.83029715
831,116.5143633,39.83034665
832,116.5260491,39.83039498
833,116.537735,39.83044213
834,116.5494209,39.8304881
835,116.5611068,39.83053289
836,116.5727928,39.83057651
837,116.5844788,39.83061895
838,116.5961648,39.83066022
839,116.6078508,39.83070031
840,116.6195369,39.83073922
841,116.631223,39.83077695
842,116.6429091,39.83081351
843,116.6545952,39.83084889
844,116.6662813,39.83088309
850,116.1169503,39.83701231
851,116.1286364,39.83710068
852,116.1403224,39.83718787
853,116.1520086,39.83727388
854,116.1636947,39.83735871
855,116.175381,39.83744237
856,116.1870672,39.83752485
857,116.1987536,39.83760615
858,116.2104399,39.83768628
859,116.2221264,39.83776523
860,116.2338128,39.837843
861,116.2454993,39.8379196
862,116.2571859,39.83799502
863,116.2688725,39.83806926
864,116.2805591,39.83814232
865,116.2922458,39.83821421
866,116.3039325,39.83828492
867,116.3156193,39.83835445
868,116.3273061,39.8384228
869,116.3389929,39.83848998
870,116.3506798,39.83855598
871,116.3623667,39.83862081
872,116.3740537,39.83868445
873,116.3857407,39.83874692
874,116.3974277,39.83880821
875,116.4091148,39.83886833
876,116.4208018,39.83892727
877,116.432489,39.83898503
878,116.4441761,39.83904161
879,116.4558633,39.83909702
880,116.4675506,39.83915124
881,116.4792378,39.8392043
882,116.4909251,39.83925617
883,116.5026125,39.83930687
884,116.5142998,39.83935639
885,116.5259872,39.83940473
886,116.5376746,39.83945189
887,116.549362,39.83949788
888,116.5610495,39.83954269
889,116.572737,39.83958632
890,116.5844245,39.83962878
891,116.596112,39.83967005
892,116.6077996,39.83971015
893,116.6194872,39.83974908
894,116.6311748,39.83978682
895,116.6428624,39.83982339
896,116.6545501,39.83985878
897,116.6662377,39.839893
898,116.6779254,39.83992603
904,116.1285225,39.84610969
905,116.1402101,39.8461969
906,116.1518977,39.84628294
907,116.1635854,39.8463678
908,116.1752732,39.84645149
909,116.186961,39.84653399
910,116.1986488,39.84661532
911,116.2103367,39.84669547
912,116.2220247,39.84677445
913,116.2337127,39.84685224
914,116.2454007,39.84692886
915,116.2570888,39.84700431
916,116.2687769,39.84707857
917,116.2804651,39.84715166
918,116.2921533,39.84722357
919,116.3038415,39.8472943
920,116.3155298,39.84736385
921,116.3272181,39.84743223
922,116.3389065,39.84749943
923,116.3505949,39.84756545
924,116.3622834,39.8476303
925,116.3739718,39.84769396
926,116.3856604,39.84775645
927,116.3973489,39.84781776
928,116.4090375,39.8478779
929,116.4207261,39.84793685
930,116.4324148,39.84799463
931,116.4441035,39.84805123
932,116.4557922,39.84810666
933,116.467481,39.8481609
934,116.4791698,39.84821397
935,116.4908586,39.84826586
936,116.5025474,39.84831657
937,116.5142363,39.84836611
938,116.5259252,39.84841446
939,116.5376142,39.84846164
940,116.5493031,39.84850765
941,116.5609921,39.84855247
942,116.5726811,39.84859612
943,116.5843702,39.84863858
944,116.5960592,39.84867988
945,116.6077483,39.84871999
946,116.6194374,39.84875892
947,116.6311266,39.84879668
948,116.6428157,39.84883326
949,116.6545049,39.84886866
950,116.6661941,39.84890289
951,116.6778833,39.84893593
957,116.1284085,39.85511868
958,116.1400977,39.85520592
959,116.1517869,39.85529199
960,116.1634761,39.85537687
961,116.1751654,39.85546058
962,116.1868547,39.85554312
963,116.1985441,39.85562447
964,116.2102335,39.85570465
965,116.221923,39.85578365
966,116.2336125,39.85586147
967,116.245302,39.85593811
968,116.2569917,39.85601358
969,116.2686813,39.85608787
970,116.280371,39.85616098
971,116.2920607,39.85623291
972,116.3037505,39.85630367
973,116.3154403,39.85637324
974,116.3271302,39.85644164
975,116.3388201,39.85650886
976,116.35051,39.8565749
977,116.3622,39.85663977
978,116.37389,39.85670346
979,116.38558,39.85676597
980,116.3972701,39.8568273
981,116.4089602,39.85688745
982,116.4206504,39.85694642
983,116.4323406,39.85700422
984,116.4440308,39.85706084
985,116.4557211,39.85711628
986,116.4674114,39.85717054
987,116.4791017,39.85722363
988,116.490792,39.85727554
989,116.5024824,39.85732626
990,116.5141728,39.85737581
991,116.5258632,39.85742419
992,116.5375537,39.85747138
993,116.5492442,39.8575174
994,116.5609347,39.85756224
995,116.5726253,39.8576059
996,116.5843158,39.85764838
997,116.5960064,39.85768968
998,116.607697,39.85772981
999,116.6193877,39.85776876
1000,116.6310783,39.85780653
1001,116.642769,39.85784312
1002,116.6544597,39.85787853
1003,116.6661505,39.85791277
1004,116.6778412,39.85794582
1005,116.689532,39.8579777
1011,116.1399852,39.86421492
1012,116.1516759,39.86430102
1013,116.1633667,39.86438593
1014,116.1750575,39.86446967
1015,116.1867484,39.86455223
1016,116.1984393,39.86463361
1017,116.2101302,39.86471381
1018,116.2218212,39.86479284
1019,116.2335123,39.86487068
1020,116.2452033,39.86494735
1021,116.2568945,39.86502284
1022,116.2685857,39.86509715
1023,116.2802769,39.86517029
1024,116.2919681,39.86524224
1025,116.3036594,39.86531302
1026,116.3153508,39.86538262
1027,116.3270422,39.86545104
1028,116.3387336,39.86551828
1029,116.3504251,39.86558434
1030,116.3621166,39.86564923
1031,116.3738081,39.86571294
1032,116.3854997,39.86577546
1033,116.3971913,39.86583682
1034,116.4088829,39.86589699
1035,116.4205746,39.86595598
1036,116.4322663,39.8660138
1037,116.4439581,39.86607043
1038,116.4556499,39.86612589
1039,116.4673417,39.86618017
1040,116.4790335,39.86623327
1041,116.4907254,39.8662852
1042,116.5024173,39.86633594
1043,116.5141093,39.86638551
1044,116.5258012,39.8664339
1045,116.5374932,39.86648111
1046,116.5491852,39.86652714
1047,116.5608773,39.86657199
1048,116.5725694,39.86661566
1049,116.5842615,39.86665816
1050,116.5959536,39.86669948
1051,116.6076457,39.86673961
1052,116.6193379,39.86677857
1053,116.6310301,39.86681636
1054,116.6427223,39.86685296
1055,116.6544145,39.86688838
1056,116.6661068,39.86692263
1057,116.6777991,39.8669557
1058,116.6894914,39.86698759
1064,116.1398727,39.87322391
1065,116.1515649,39.87331004
1066,116.1632572,39.87339498
1067,116.1749496,39.87347874
1068,116.186642,39.87356133
1069,116.1983344,39.87364273
1070,116.2100269,39.87372296
1071,116.2217194,39.87380201
1072,116.233412,39.87387988
1073,116.2451046,39.87395657
1074,116.2567973,39.87403209
1075,116.26849,39.87410642
1076,116.2801827,39.87417958
1077,116.2918755,39.87425156
1078,116.3035683,39.87432236
1079,116.3152612,39.87439198
1080,116.3269541,39.87446042
1081,116.3386471,39.87452768
1082,116.3503401,39.87459377
1083,116.3620331,39.87465867
1084,116.3737262,39.8747224
1085,116.3854193,39.87478495
1086,116.3971124,39.87484632
1087,116.4088056,39.87490651
1088,116.4204988,39.87496552
1089,116.4321921,39.87502336
1090,116.4438853,39.87508001
1091,116.4555787,39.87513549
1092,116.467272,39.87518979
1093,116.4789654,39.8752429
1094,116.4906588,39.87529484
1095,116.5023522,39.87534561
1096,116.5140457,39.87539519
1097,116.5257392,39.87544359
1098,116.5374327,39.87549082
1099,116.5491263,39.87553686
1100,116.5608198,39.87558173
1101,116.5725134,39.87562542
1102,116.5842071,39.87566793
1103,116.5959007,39.87570926
1104,116.6075944,39.87574941
1105,116.6192881,39.87578838
1106,116.6309818,39.87582617
1107,116.6426756,39.87586279
1108,116.6543693,39.87589822
1109,116.6660631,39.87593248
1110,116.6777569,39.87596556
1111,116.6894507,39.87599746
1112,116.7011446,39.87602818
1118,116.1514539,39.88231904
1119,116.1631477,39.88240401
1120,116.1748416,39.8824878
1121,116.1865355,39.88257041
1122,116.1982295,39.88265184
1123,116.2099235,39.8827321
1124,116.2216175,39.88281117
1125,116.2333117,39.88288907
1126,116.2450058,39.88296578
1127,116.2567,39.88304132
1128,116.2683942,39.88311568
1129,116.2800885,39.88318886
1130,116.2917828,39.88326086
1131,116.3034772,39.88333168
1132,116.3151716,39.88340132
1133,116.326866,39.88346979
1134,116.3385605,39.88353707
1135,116.3502551,39.88360318
1136,116.3619496,39.88366811
1137,116.3736442,39.88373185
1138,116.3853389,39.88379442
1139,116.3970335,39.88385581
1140,116.4087282,39.88391602
1141,116.420423,39.88397505
1142,116.4321178,39.88403291
1143,116.4438126,39.88408958
1144,116.4555074,39.88414507
1145,116.4672023,39.88419939
1146,116.4788972,39.88425252
1147,116.4905921,39.88430448
1148,116.5022871,39.88435526
1149,116.5139821,39.88440485
1150,116.5256771,39.88445327
1151,116.5373722,39.88450051
1152,116.5490673,39.88454657
1153,116.5607624,39.88459145
1154,116.5724575,39.88463515
1155,116.5841527,39.88467768
1156,116.5958478,39.88471902
1157,116.607543,39.88475918
1158,116.6192383,39.88479817
1159,116.6309335,39.88483597
1160,116.6426288,39.8848726
1161,116.6543241,39.88490805
1162,116.6660194,39.88494232
1163,116.6777147,39.8849754
1164,116.6894101,39.88500731
1165,116.7011055,39.88503804
1171,116.1513428,39.89132803
1172,116.1630382,39.89141302
1173,116.1747336,39.89149684
1174,116.186429,39.89157948
1175,116.1981245,39.89166094
1176,116.2098201,39.89174122
1177,116.2215156,39.89182031
1178,116.2332113,39.89189824
1179,116.244907,39.89197498
1180,116.2566027,39.89205054
1181,116.2682985,39.89212492
1182,116.2799943,39.89219812
1183,116.2916901,39.89227015
1184,116.303386,39.89234099
1185,116.3150819,39.89241066
1186,116.3267779,39.89247914
1187,116.3384739,39.89254645
1188,116.35017,39.89261258
1189,116.3618661,39.89267752
1190,116.3735622,39.89274129
1191,116.3852584,39.89280388
1192,116.3969546,39.89286529
1193,116.4086508,39.89292552
1194,116.4203471,39.89298457
1195,116.4320434,39.89304244
1196,116.4437397,39.89309913
1197,116.4554361,39.89315464
1198,116.4671325,39.89320897
1199,116.478829,39.89326212
1200,116.4905254,39.8933141
1201,116.5022219,39.89336489
1202,116.5139185,39.8934145
1203,116.525615,39.89346294
1204,116.5373116,39.89351019
1205,116.5490082,39.89355627
1206,116.5607049,39.89360116
1207,116.5724015,39.89364488
1208,116.5840982,39.89368741
1209,116.5957949,39.89372877
1210,116.6074917,39.89376895
1211,116.6191884,39.89380795
1212,116.6308852,39.89384576
1213,116.642582,39.8938824
1214,116.6542788,39.89391786
1215,116.6659757,39.89395214
1216,116.6776725,39.89398524
1217,116.6893694,39.89401716
1218,116.7010663,39.89404789
1224,116.1512317,39.900337
1225,116.1629286,39.90042202
1226,116.1746255,39.90050587
1227,116.1863225,39.90058853
1228,116.1980195,39.90067002
1229,116.2097166,39.90075032
1230,116.2214137,39.90082945
1231,116.2331109,39.90090739
1232,116.2448081,39.90098416
1233,116.2565053,39.90105974
1234,116.2682026,39.90113415
1235,116.2799,39.90120737
1236,116.2915974,39.90127942
1237,116.3032948,39.90135029
1238,116.3149923,39.90141998
1239,116.3266898,39.90148848
1240,116.3383873,39.90155581
1241,116.3500849,39.90162196
1242,116.3617825,39.90168693
1243,116.3734802,39.90175071
1244,116.3851779,39.90181332
1245,116.3968756,39.90187475
1246,116.4085734,39.901935
1247,116.4202712,39.90199407
1248,116.431969,39.90205196
1249,116.4436669,39.90210867
1250,116.4553648,39.90216419
1251,116.4670627,39.90221854
1252,116.4787607,39.90227171
1253,116.4904587,39.9023237
1254,116.5021567,39.90237451
1255,116.5138548,39.90242414
1256,116.5255529,39.90247259
1257,116.537251,39.90251986
1258,116.5489492,39.90256595
1259,116.5606473,39.90261086
1260,116.5723455,39.90265459
1261,116.5840437,39.90269714
1262,116.595742,39.90273851
1263,116.6074403,39.9027787
1264,116.6191385,39.90281771
1265,116.6308369,39.90285554
1266,116.6425352,39.90289219
1267,116.6542336,39.90292766
1268,116.6659319,39.90296194
1269,116.6776303,39.90299505
1270,116.6893287,39.90302698
1271,116.7010272,39.90305773
1276,116.1394222,39.90925973
1277,116.1511205,39.90934596
1278,116.1628189,39.90943101
1279,116.1745174,39.90951488
1280,116.1862159,39.90959757
1281,116.1979145,39.90967908
1282,116.2096131,39.90975941
1283,116.2213117,39.90983856
1284,116.2330104,39.90991653
1285,116.2447092,39.90999332
1286,116.2564079,39.91006893
1287,116.2681068,39.91014336
1288,116.2798056,39.91021661
1289,116.2915046,39.91028868
1290,116.3032035,39.91035957
1291,116.3149025,39.91042928
1292,116.3266016,39.91049781
1293,116.3383006,39.91056516
1294,116.3499998,39.91063133
1295,116.3616989,39.91069631
1296,116.3733981,39.91076012
1297,116.3850973,39.91082275
1298,116.3967966,39.9108842
1299,116.4084959,39.91094447
1300,116.4201952,39.91100355
1301,116.4318946,39.91106146
1302,116.443594,39.91111819
1303,116.4552935,39.91117374
1304,116.4669929,39.9112281
1305,116.4786924,39.91128129
1306,116.490392,39.91133329
1307,116.5020915,39.91138412
1308,116.5137911,39.91143376
1309,116.5254907,39.91148223
1310,116.5371904,39.91152951
1311,116.5488901,39.91157562
1312,116.5605898,39.91162054
1313,116.5722895,39.91166428
1314,116.5839892,39.91170685
1315,116.595689,39.91174823
1316,116.6073888,39.91178843
1317,116.6190887,39.91182745
1318,116.6307885,39.9118653
1319,116.6424884,39.91190196
1320,116.6541883,39.91193744
1321,116.6658882,39.91197174
1322,116.6775881,39.91200486
1323,116.689288,39.9120368
1324,116.700988,39.91206756
1329,116.1393094,39.91826865
1330,116.1510093,39.91835491
1331,116.1627092,39.91843998
1332,116.1744092,39.91852388
1333,116.1861093,39.9186066
1334,116.1978094,39.91868813
1335,116.2095095,39.91876849
1336,116.2212097,39.91884766
1337,116.2329099,39.91892566
1338,116.2446102,39.91900247
1339,116.2563105,39.91907811
1340,116.2680109,39.91915256
1341,116.2797113,39.91922583
1342,116.2914117,39.91929793
1343,116.3031122,39.91936884
1344,116.3148127,39.91943857
1345,116.3265133,39.91950712
1346,116.3382139,39.91957449
1347,116.3499146,39.91964068
1348,116.3616153,39.91970569
1349,116.373316,39.91976952
1350,116.3850168,39.91983217
1351,116.3967176,39.91989363
1352,116.4084184,39.91995392
1353,116.4201193,39.92001303
1354,116.4318202,39.92007095
1355,116.4435211,39.9201277
1356,116.4552221,39.92018326
1357,116.4669231,39.92023765
1358,116.4786241,39.92029085
1359,116.4903252,39.92034287
1360,116.5020263,39.92039371
1361,116.5137274,39.92044337
1362,116.5254286,39.92049185
1363,116.5371297,39.92053915
1364,116.5488309,39.92058527
1365,116.5605322,39.92063021
1366,116.5722334,39.92067397
1367,116.5839347,39.92071654
1368,116.595636,39.92075794
1369,116.6073374,39.92079815
1370,116.6190387,39.92083719
1371,116.6307401,39.92087504
1372,116.6424415,39.92091171
1373,116.6541429,39.92094721
1374,116.6658444,39.92098152
1375,116.6775458,39.92101465
1376,116.6892473,39.9210466
1377,116.7009488,39.92107737
1381,116.1274952,39.92719009
1382,116.1391966,39.92727755
1383,116.150898,39.92736384
1384,116.1625995,39.92744894
1385,116.174301,39.92753287
1386,116.1860026,39.92761561
1387,116.1977042,39.92769717
1388,116.2094059,39.92777755
1389,116.2211076,39.92785675
1390,116.2328094,39.92793477
1391,116.2445112,39.92801161
1392,116.256213,39.92808727
1393,116.2679149,39.92816175
1394,116.2796169,39.92823504
1395,116.2913188,39.92830716
1396,116.3030209,39.92837809
1397,116.3147229,39.92844785
1398,116.326425,39.92851642
1399,116.3381272,39.92858381
1400,116.3498294,39.92865002
1401,116.3615316,39.92871505
1402,116.3732338,39.9287789
1403,116.3849361,39.92884157
1404,116.3966385,39.92890305
1405,116.4083408,39.92896336
1406,116.4200432,39.92902248
1407,116.4317457,39.92908043
1408,116.4434482,39.92913719
1409,116.4551507,39.92919277
1410,116.4668532,39.92924717
1411,116.4785558,39.92930039
1412,116.4902584,39.92935243
1413,116.501961,39.92940329
1414,116.5136637,39.92945297
1415,116.5253663,39.92950146
1416,116.5370691,39.92954878
1417,116.5487718,39.92959491
1418,116.5604746,39.92963986
1419,116.5721774,39.92968363
1420,116.5838802,39.92972622
1421,116.595583,39.92976763
1422,116.6072859,39.92980786
1423,116.6189888,39.92984691
1424,116.6306917,39.92988477
1425,116.6423946,39.92992146
1426,116.6540976,39.92995696
1427,116.6658006,39.92999128
1428,116.6775036,39.93002442
1429,116.6892066,39.93005638
1430,116.7009096,39.93008716
1433,116.1156779,39.93611028
1434,116.1273808,39.93619895
1435,116.1390837,39.93628644
1436,116.1507867,39.93637276
1437,116.1624897,39.93645789
1438,116.1741927,39.93654184
1439,116.1858959,39.93662461
1440,116.197599,39.93670619
1441,116.2093022,39.9367866
1442,116.2210055,39.93686583
1443,116.2327088,39.93694387
1444,116.2444121,39.93702073
1445,116.2561155,39.93709642
1446,116.2678189,39.93717092
1447,116.2795224,39.93724424
1448,116.2912259,39.93731637
1449,116.3029295,39.93738733
1450,116.3146331,39.93745711
1451,116.3263367,39.9375257
1452,116.3380404,39.93759311
1453,116.3497441,39.93765935
1454,116.3614479,39.9377244
1455,116.3731517,39.93778827
1456,116.3848555,39.93785095
1457,116.3965594,39.93791246
1458,116.4082633,39.93797278
1459,116.4199672,39.93803193
1460,116.4316712,39.93808989
1461,116.4433752,39.93814667
1462,116.4550792,39.93820227
1463,116.4667833,39.93825669
1464,116.4784874,39.93830993
1465,116.4901915,39.93836198
1466,116.5018957,39.93841286
1467,116.5135999,39.93846255
1468,116.5253041,39.93851106
1469,116.5370084,39.93855839
1470,116.5487126,39.93860454
1471,116.5604169,39.9386495
1472,116.5721213,39.93869329
1473,116.5838256,39.93873589
1474,116.59553,39.93877731
1475,116.6072344,39.93881755
1476,116.6189388,39.93885661
1477,116.6306433,39.93889449
1478,116.6423477,39.93893119
1479,116.6540522,39.9389667
1480,116.6657568,39.93900104
1481,116.6774613,39.93903419
1482,116.6891658,39.93906616
1486,116.115562,39.9451191
1487,116.1272664,39.9452078
1488,116.1389708,39.94529532
1489,116.1506753,39.94538166
1490,116.1623798,39.94546682
1491,116.1740844,39.94555079
1492,116.1857891,39.94563359
1493,116.1974938,39.9457152
1494,116.2091985,39.94579564
1495,116.2209033,39.94587489
1496,116.2326081,39.94595296
1497,116.244313,39.94602984
1498,116.2560179,39.94610555
1499,116.2677229,39.94618007
1500,116.2794279,39.94625342
1501,116.2911329,39.94632558
1502,116.302838,39.94639656
1503,116.3145432,39.94646635
1504,116.3262483,39.94653497
1505,116.3379536,39.9466024
1506,116.3496588,39.94666866
1507,116.3613641,39.94673373
1508,116.3730694,39.94679762
1509,116.3847748,39.94686033
1510,116.3964802,39.94692185
1511,116.4081856,39.9469822
1512,116.4198911,39.94704136
1513,116.4315966,39.94709934
1514,116.4433022,39.94715614
1515,116.4550077,39.94721176
1516,116.4667133,39.94726619
1517,116.478419,39.94731944
1518,116.4901247,39.94737152
1519,116.5018304,39.94742241
1520,116.5135361,39.94747211
1521,116.5252418,39.94752064
1522,116.5369476,39.94756799
1523,116.5486534,39.94761415
1524,116.5603593,39.94765913
1525,116.5720651,39.94770293
1526,116.583771,39.94774555
1527,116.5954769,39.94778698
1528,116.6071829,39.94782723
1529,116.6188888,39.94786631
1530,116.6305948,39.9479042
1531,116.6423008,39.9479409
1532,116.6540069,39.94797643
1533,116.6657129,39.94801077
1534,116.677419,39.94804393
1535,116.6891251,39.94807591
1539,116.1154459,39.9541279
1540,116.1271519,39.95421663
1541,116.1388578,39.95430418
1542,116.1505639,39.95439055
1543,116.1622699,39.95447573
1544,116.1739761,39.95455974
1545,116.1856823,39.95464256
1546,116.1973885,39.9547242
1547,116.2090948,39.95480466
1548,116.2208011,39.95488393
1549,116.2325074,39.95496203
1550,116.2442139,39.95503894
1551,116.2559203,39.95511467
1552,116.2676268,39.95518921
1553,116.2793334,39.95526258
1554,116.2910399,39.95533476
1555,116.3027466,39.95540577
1556,116.3144532,39.95547559
1557,116.3261599,39.95554422
1558,116.3378667,39.95561168
1559,116.3495735,39.95567795
1560,116.3612803,39.95574305
1561,116.3729872,39.95580696
1562,116.3846941,39.95586968
1563,116.396401,39.95593123
1564,116.408108,39.95599159
1565,116.419815,39.95605077
1566,116.431522,39.95610877
1567,116.4432291,39.95616559
1568,116.4549362,39.95622122
1569,116.4666434,39.95627568
1570,116.4783505,39.95632895
1571,116.4900578,39.95638104
1572,116.501765,39.95643194
1573,116.5134723,39.95648167
1574,116.5251795,39.95653021
1575,116.5368869,39.95657757
1576,116.5485942,39.95662375
1577,116.5603016,39.95666874
1578,116.572009,39.95671255
1579,116.5837164,39.95675518
1580,116.5954239,39.95679663
1581,116.6071313,39.9568369
1582,116.6188388,39.95687598
1583,116.6305464,39.95691388
1584,116.6422539,39.9569506
1585,116.6539615,39.95698614
1586,116.665669,39.9570205
1587,116.6773766,39.95705367
1588,116.6890843,39.95708566
1591,116.1036224,39.96304675
1592,116.1153298,39.96313669
1593,116.1270373,39.96322545
1594,116.1387448,39.96331303
1595,116.1504524,39.96339942
1596,116.16216,39.96348464
1597,116.1738677,39.96356867
1598,116.1855754,39.96365151
1599,116.1972831,39.96373318
1600,116.208991,39.96381366
1601,116.2206988,39.96389296
1602,116.2324067,39.96397108
1603,116.2441147,39.96404802
1604,116.2558227,39.96412377
1605,116.2675307,39.96419834
1606,116.2792388,39.96427173
1607,116.2909469,39.96434394
1608,116.3026551,39.96441496
1609,116.3143633,39.96448481
1610,116.3260715,39.96455347
1611,116.3377798,39.96462094
1612,116.3494881,39.96468724
1613,116.3611965,39.96475235
1614,116.3729049,39.96481628
1615,116.3846133,39.96487903
1616,116.3963218,39.96494059
1617,116.4080303,39.96500098
1618,116.4197389,39.96506018
1619,116.4314474,39.96511819
1620,116.443156,39.96517503
1621,116.4548647,39.96523068
1622,116.4665734,39.96528515
1623,116.4782821,39.96533844
1624,116.4899908,39.96539054
1625,116.5016996,39.96544147
1626,116.5134084,39.9654912
1627,116.5251172,39.96553976
1628,116.5368261,39.96558714
1629,116.548535,39.96563333
1630,116.5602439,39.96567834
1631,116.5719528,39.96572217
1632,116.5836618,39.96576481
1633,116.5953708,39.96580627
1634,116.6070798,39.96584655
1635,116.6187888,39.96588565
1636,116.6304979,39.96592356
1637,116.6422069,39.96596029
1638,116.653916,39.96599584
1639,116.6656252,39.9660302
1640,116.6773343,39.96606339
1641,116.6890435,39.96609539
1644,116.1035047,39.9720555
1645,116.1152137,39.97214547
1646,116.1269227,39.97223426
1647,116.1386317,39.97232186
1648,116.1503409,39.97240828
1649,116.16205,39.97249352
1650,116.1737592,39.97257758
1651,116.1854685,39.97266045
1652,116.1971778,39.97274214
1653,116.2088871,39.97282265
1654,116.2205965,39.97290198
1655,116.2323059,39.97298012
1656,116.2440154,39.97305708
1657,116.255725,39.97313286
1658,116.2674345,39.97320746
1659,116.2791441,39.97328087
1660,116.2908538,39.9733531
1661,116.3025635,39.97342415
1662,116.3142732,39.97349401
1663,116.325983,39.97356269
1664,116.3376929,39.97363019
1665,116.3494027,39.97369651
1666,116.3611126,39.97376164
1667,116.3728226,39.97382559
1668,116.3845325,39.97388836
1669,116.3962425,39.97394994
1670,116.4079526,39.97401034
1671,116.4196627,39.97406956
1672,116.4313728,39.9741276
1673,116.4430829,39.97418445
1674,116.4547931,39.97424012
1675,116.4665033,39.97429461
1676,116.4782136,39.97434791
1677,116.4899239,39.97440003
1678,116.5016342,39.97445097
1679,116.5133445,39.97450073
1680,116.5250549,39.9745493
1681,116.5367653,39.97459669
1682,116.5484757,39.9746429
1683,116.5601861,39.97468792
1684,116.5718966,39.97473176
1685,116.5836071,39.97477442
1686,116.5953176,39.97481589
1687,116.6070282,39.97485619
1688,116.6187388,39.9748953
1689,116.6304493,39.97493322
1690,116.64216,39.97496996
1691,116.6538706,39.97500552
1692,116.6655813,39.9750399
1693,116.6772919,39.97507309
1694,116.6890026,39.9751051
1695,116.7007133,39.97513593
1696,116.0916766,39.98097305
1697,116.103387,39.98106423
1698,116.1150975,39.98115423
1699,116.126808,39.98124305
1700,116.1385186,39.98133068
1701,116.1502293,39.98141713
1702,116.16194,39.9815024
1703,116.1736507,39.98158648
1704,116.1853615,39.98166938
1705,116.1970723,39.9817511
1706,116.2087832,39.98183163
1707,116.2204941,39.98191098
1708,116.2322051,39.98198915
1709,116.2439161,39.98206613
1710,116.2556272,39.98214194
1711,116.2673383,39.98221656
1712,116.2790495,39.98228999
1713,116.2907607,39.98236224
1714,116.3024719,39.98243331
1715,116.3141832,39.9825032
1716,116.3258945,39.9825719
1717,116.3376059,39.98263942
1718,116.3493173,39.98270576
1719,116.3610287,39.98277091
1720,116.3727402,39.98283489
1721,116.3844517,39.98289767
1722,116.3961632,39.98295928
1723,116.4078748,39.9830197
1724,116.4195864,39.98307894
1725,116.4312981,39.98313699
1726,116.4430098,39.98319386
1727,116.4547215,39.98324955
1728,116.4664333,39.98330405
1729,116.4781451,39.98335737
1730,116.4898569,39.98340951
1731,116.5015687,39.98346047
1732,116.5132806,39.98351024
1733,116.5249925,39.98355883
1734,116.5367044,39.98360623
1735,116.5484164,39.98365245
1736,116.5601284,39.98369749
1737,116.5718404,39.98374135
1738,116.5835524,39.98378402
1739,116.5952645,39.9838255
1740,116.6069766,39.98386581
1741,116.6186887,39.98390493
1742,116.6304008,39.98394287
1743,116.642113,39.98397962
1744,116.6538251,39.98401519
1745,116.6655373,39.98404958
1746,116.6772496,39.98408278
1747,116.6889618,39.98411481
1748,116.700674,39.98414564
1749,116.0915573,39.98998174
1750,116.1032692,39.99007295
1751,116.1149813,39.99016298
1752,116.1266933,39.99025182
1753,116.1384055,39.99033948
1754,116.1501176,39.99042596
1755,116.1618299,39.99051125
1756,116.1735421,39.99059536
1757,116.1852545,39.99067829
1758,116.1969668,39.99076003
1759,116.2086793,39.99084059
1760,116.2203917,39.99091997
1761,116.2321042,39.99099816
1762,116.2438168,39.99107517
1763,116.2555294,39.991151
1764,116.2672421,39.99122564
1765,116.2789548,39.9912991
1766,116.2906675,39.99137138
1767,116.3023803,39.99144247
1768,116.3140931,39.99151238
1769,116.3258059,39.9915811
1770,116.3375188,39.99164864
1771,116.3492318,39.991715
1772,116.3609448,39.99178018
1773,116.3726578,39.99184417
1774,116.3843708,39.99190697
1775,116.3960839,39.9919686
1776,116.407797,39.99202904
1777,116.4195102,39.99208829
1778,116.4312234,39.99214637
1779,116.4429366,39.99220326
1780,116.4546499,39.99225896
1781,116.4663632,39.99231348
1782,116.4780765,39.99236682
1783,116.4897898,39.99241898
1784,116.5015032,39.99246995
1785,116.5132166,39.99251973
1786,116.5249301,39.99256834
1787,116.5366436,39.99261576
1788,116.5483571,39.99266199
1789,116.5600706,39.99270705
1790,116.5717841,39.99275091
1791,116.5834977,39.9927936
1792,116.5952113,39.9928351
1793,116.6069249,39.99287542
1794,116.6186386,39.99291455
1795,116.6303523,39.9929525
1796,116.6420659,39.99298927
1797,116.6537797,39.99302485
1798,116.6654934,39.99305925
1799,116.6772071,39.99309246
1800,116.6889209,39.99312449
1803,116.1031514,39.99908166
1804,116.114865,39.99917171
1805,116.1265786,39.99926059
1806,116.1382922,39.99934827
1807,116.150006,39.99943478
1808,116.1617197,39.9995201
1809,116.1734335,39.99960423
1810,116.1851474,39.99968719
1811,116.1968613,39.99976896
1812,116.2085753,39.99984954
1813,116.2202893,39.99992894
1814,116.2320033,40.00000716
1815,116.2437174,40.0000842
1816,116.2554316,40.00016005
1817,116.2671458,40.00023471
1818,116.27886,40.00030819
1819,116.2905743,40.00038049
1820,116.3022886,40.00045161
1821,116.3140029,40.00052154
1822,116.3257173,40.00059029
1823,116.3374318,40.00065785
1824,116.3491463,40.00072423
1825,116.3608608,40.00078942
1826,116.3725753,40.00085343
1827,116.3842899,40.00091626
1828,116.3960045,40.0009779
1829,116.4077192,40.00103836
1830,116.4194339,40.00109764
1831,116.4311486,40.00115573
1832,116.4428634,40.00121264
1833,116.4545782,40.00126836
1834,116.466293,40.0013229
1835,116.4780079,40.00137626
1836,116.4897228,40.00142843
1837,116.5014377,40.00147941
1838,116.5131527,40.00152922
1839,116.5248677,40.00157784
1840,116.5365827,40.00162527
1841,116.5482977,40.00167152
1842,116.5600128,40.00171659
1843,116.5717279,40.00176047
1844,116.583443,40.00180317
1845,116.5951581,40.00184468
1846,116.6068733,40.00188501
1847,116.6185885,40.00192416
1848,116.6303037,40.00196212
1849,116.6420189,40.0019989
1850,116.6537342,40.00203449
1851,116.6654494,40.0020689
1852,116.6771647,40.00210213
1857,116.1147486,40.00818043
1858,116.1264638,40.00826933
1859,116.138179,40.00835705
1860,116.1498942,40.00844358
1861,116.1616095,40.00852893
1862,116.1733249,40.00861309
1863,116.1850403,40.00869607
1864,116.1967557,40.00877787
1865,116.2084712,40.00885848
1866,116.2201868,40.0089379
1867,116.2319024,40.00901615
1868,116.243618,40.0090932
1869,116.2553337,40.00916908
1870,116.2670494,40.00924377
1871,116.2787652,40.00931727
1872,116.290481,40.0093896
1873,116.3021969,40.00946073
1874,116.3139128,40.00953069
1875,116.3256287,40.00959946
1876,116.3373447,40.00966704
1877,116.3490607,40.00973344
1878,116.3607768,40.00979866
1879,116.3724928,40.00986269
1880,116.384209,40.00992553
1881,116.3959251,40.0099872
1882,116.4076413,40.01004768
1883,116.4193576,40.01010697
1884,116.4310739,40.01016508
1885,116.4427902,40.010222
1886,116.4545065,40.01027775
1887,116.4662229,40.0103323
1888,116.4779393,40.01038567
1889,116.4896557,40.01043786
1890,116.5013722,40.01048886
1891,116.5130887,40.01053868
1892,116.5248052,40.01058732
1893,116.5365217,40.01063477
1894,116.5482383,40.01068103
1895,116.5599549,40.01072611
1896,116.5716715,40.01077001
1897,116.5833882,40.01081272
1898,116.5951049,40.01085425
1899,116.6068216,40.01089459
1900,116.6185383,40.01093375
1901,116.6302551,40.01097172
1902,116.6419718,40.01100851
1903,116.6536886,40.01104412
1904,116.6654054,40.01107854
1909,116.1029156,40.01709903
1910,116.1146322,40.01718914
1911,116.1263489,40.01727807
1912,116.1380656,40.01736581
1913,116.1497824,40.01745237
1914,116.1614993,40.01753774
1915,116.1732162,40.01762193
1916,116.1849331,40.01770494
1917,116.1966501,40.01778676
1918,116.2083672,40.0178674
1919,116.2200842,40.01794685
1920,116.2318014,40.01802512
1921,116.2435186,40.0181022
1922,116.2552358,40.0181781
1923,116.266953,40.01825281
1924,116.2786704,40.01832634
1925,116.2903877,40.01839868
1926,116.3021051,40.01846984
1927,116.3138225,40.01853982
1928,116.32554,40.01860861
1929,116.3372575,40.01867622
1930,116.3489751,40.01874264
1931,116.3606927,40.01880787
1932,116.3724103,40.01887193
1933,116.384128,40.01893479
1934,116.3958457,40.01899648
1935,116.4075635,40.01905697
1936,116.4192812,40.01911629
1937,116.430999,40.01917441
1938,116.4427169,40.01923136
1939,116.4544348,40.01928712
1940,116.4661527,40.01934169
1941,116.4778706,40.01939508
1942,116.4895886,40.01944728
1943,116.5013066,40.0194983
1944,116.5130246,40.01954814
1945,116.5247427,40.01959679
1946,116.5364608,40.01964425
1947,116.5481789,40.01969053
1948,116.559897,40.01973563
1949,116.5716152,40.01977954
1950,116.5833334,40.01982226
1951,116.5950516,40.0198638
1952,116.6067699,40.01990416
1953,116.6184882,40.01994333
1954,116.6302064,40.01998132
1955,116.6419248,40.02001812
1956,116.6536431,40.02005373
1962,116.1027976,40.02610769
1963,116.1145157,40.02619783
1964,116.126234,40.02628679
1965,116.1379523,40.02637456
1966,116.1496706,40.02646114
1967,116.161389,40.02654655
1968,116.1731074,40.02663076
1969,116.1848259,40.02671379
1970,116.1965444,40.02679564
1971,116.208263,40.0268763
1972,116.2199817,40.02695578
1973,116.2317003,40.02703407
1974,116.243419,40.02711118
1975,116.2551378,40.0271871
1976,116.2668566,40.02726184
1977,116.2785755,40.02733539
1978,116.2902944,40.02740776
1979,116.3020133,40.02747894
1980,116.3137323,40.02754894
1981,116.3254513,40.02761775
1982,116.3371704,40.02768538
1983,116.3488895,40.02775182
1984,116.3606086,40.02781708
1985,116.3723278,40.02788115
1986,116.384047,40.02794404
1987,116.3957662,40.02800574
1988,116.4074855,40.02806626
1989,116.4192048,40.02812559
1990,116.4309242,40.02818373
1991,116.4426436,40.0282407
1992,116.454363,40.02829647
1993,116.4660825,40.02835106
1994,116.4778019,40.02840447
1995,116.4895215,40.02845669
1996,116.501241,40.02850773
1997,116.5129606,40.02855758
1998,116.5246802,40.02860624
1999,116.5363998,40.02865372
2000,116.5481195,40.02870002
2001,116.5598392,40.02874513
2002,116.5715589,40.02878905
2003,116.5832786,40.02883179
2004,116.5949984,40.02887334
2005,116.6067182,40.02891371
2006,116.618438,40.02895289
2007,116.6301578,40.02899089
2008,116.6418777,40.0290277
2009,116.6535975,40.02906333
2015,116.1026795,40.03511634
2016,116.1143992,40.03520651
2017,116.126119,40.03529549
2018,116.1378388,40.03538329
2019,116.1495587,40.0354699
2020,116.1612786,40.03555533
2021,116.1729986,40.03563958
2022,116.1847187,40.03572263
2023,116.1964387,40.03580451
2024,116.2081589,40.03588519
2025,116.219879,40.0359647
2026,116.2315992,40.03604301
2027,116.2433195,40.03612015
2028,116.2550398,40.03619609
2029,116.2667602,40.03627085
2030,116.2784805,40.03634443
2031,116.290201,40.03641682
2032,116.3019215,40.03648802
2033,116.313642,40.03655804
2034,116.3253625,40.03662688
2035,116.3370831,40.03669453
2036,116.3488038,40.03676099
2037,116.3605245,40.03682627
2038,116.3722452,40.03689036
2039,116.3839659,40.03695327
2040,116.3956867,40.03701499
2041,116.4074076,40.03707553
2042,116.4191284,40.03713488
2043,116.4308493,40.03719304
2044,116.4425702,40.03725002
2045,116.4542912,40.03730581
2046,116.4660122,40.03736042
2047,116.4777332,40.03741385
2048,116.4894543,40.03746608
2049,116.5011754,40.03751714
2050,116.5128965,40.037567
2051,116.5246176,40.03761568
2052,116.5363388,40.03766318
2053,116.54806,40.03770949
2054,116.5597812,40.03775461
2055,116.5715025,40.03779855
2056,116.5832238,40.0378413
2057,116.5949451,40.03788287
2058,116.6066664,40.03792325
2059,116.6183878,40.03796244
2060,116.6301091,40.03800045
2061,116.6418305,40.03803728
2062,116.6535519,40.03807292
2069,116.1142827,40.04421517
2070,116.126004,40.04430418
2071,116.1377254,40.04439201
2072,116.1494468,40.04447865
2073,116.1611683,40.04456411
2074,116.1728898,40.04464838
2075,116.1846113,40.04473146
2076,116.196333,40.04481336
2077,116.2080546,40.04489407
2078,116.2197763,40.0449736
2079,116.2314981,40.04505194
2080,116.2432199,40.0451291
2081,116.2549418,40.04520507
2082,116.2666636,40.04527985
2083,116.2783856,40.04535345
2084,116.2901076,40.04542587
2085,116.3018296,40.04549709
2086,116.3135516,40.04556714
2087,116.3252737,40.04563599
2088,116.3369959,40.04570366
2089,116.3487181,40.04577015
2090,116.3604403,40.04583544
2091,116.3721626,40.04589956
2092,116.3838848,40.04596248
2093,116.3956072,40.04602423
2094,116.4073295,40.04608478
2095,116.419052,40.04614415
2096,116.4307744,40.04620233
2097,116.4424969,40.04625933
2098,116.4542194,40.04631514
2099,116.4659419,40.04636977
2100,116.4776645,40.04642321
2101,116.4893871,40.04647546
2102,116.5011097,40.04652653
2103,116.5128324,40.04657641
2104,116.5245551,40.04662511
2105,116.5362778,40.04667262
2106,116.5480005,40.04671894
2107,116.5597233,40.04676408
2108,116.5714461,40.04680803
2109,116.5831689,40.0468508
2110,116.5948918,40.04689238
2111,116.6066146,40.04693277
2112,116.6183375,40.04697198
2113,116.6300604,40.04701
2114,116.6417834,40.04704684
2123,116.1258889,40.05331286
2124,116.1376118,40.05340071
2125,116.1493348,40.05348738
2126,116.1610578,40.05357286
2127,116.1727809,40.05365716
2128,116.184504,40.05374027
2129,116.1962271,40.0538222
2130,116.2079504,40.05390294
2131,116.2196736,40.05398249
2132,116.2313969,40.05406086
2133,116.2431203,40.05413804
2134,116.2548437,40.05421403
2135,116.2665671,40.05428884
2136,116.2782906,40.05436246
2137,116.2900141,40.0544349
2138,116.3017377,40.05450615
2139,116.3134613,40.05457621
2140,116.3251849,40.05464509
2141,116.3369086,40.05471278
2142,116.3486323,40.05477929
2143,116.3603561,40.05484461
2144,116.3720799,40.05490874
2145,116.3838037,40.05497169
2146,116.3955276,40.05503345
2147,116.4072515,40.05509402
2148,116.4189755,40.05515341
2149,116.4306994,40.05521161
2150,116.4424235,40.05526863
2151,116.4541475,40.05532446
2152,116.4658716,40.0553791
2153,116.4775957,40.05543256
2154,116.4893198,40.05548483
2155,116.501044,40.05553591
2156,116.5127682,40.05558581
2157,116.5244924,40.05563452
2158,116.5362167,40.05568205
2159,116.547941,40.05572838
2160,116.5596653,40.05577354
2161,116.5713897,40.0558175
2162,116.583114,40.05586028
2163,116.5948384,40.05590188
2164,116.6065628,40.05594228
2165,116.6182873,40.0559815
2166,116.6300117,40.05601954
2167,116.6417362,40.05605639
2177,116.1374983,40.0624094
2178,116.1492228,40.0624961
2179,116.1609473,40.06258161
2180,116.1726719,40.06266593
2181,116.1843966,40.06274907
2182,116.1961213,40.06283102
2183,116.207846,40.06291178
2184,116.2195708,40.06299136
2185,116.2312957,40.06306975
2186,116.2430206,40.06314696
2187,116.2547455,40.06322298
2188,116.2664705,40.06329781
2189,116.2781955,40.06337146
2190,116.2899206,40.06344392
2191,116.3016457,40.06351519
2192,116.3133708,40.06358527
2193,116.325096,40.06365417
2194,116.3368213,40.06372189
2195,116.3485465,40.06378841
2196,116.3602718,40.06385375
2197,116.3719972,40.06391791
2198,116.3837226,40.06398087
2199,116.395448,40.06404265
2200,116.4071734,40.06410325
2201,116.4188989,40.06416266
2202,116.4306245,40.06422088
2203,116.44235,40.06427791
2204,116.4540756,40.06433376
2205,116.4658012,40.06438842
2206,116.4775269,40.06444189
2207,116.4892526,40.06449418
2208,116.5009783,40.06454528
2209,116.512704,40.06459519
2210,116.5244298,40.06464392
2211,116.5361556,40.06469146
2212,116.5478815,40.06473781
2213,116.5596073,40.06478298
2214,116.5713332,40.06482696
2215,116.5830591,40.06486975
2216,116.594785,40.06491136
2217,116.606511,40.06495178
2218,116.618237,40.06499101
2219,116.629963,40.06502906
2231,116.1491107,40.0715048
2232,116.1608368,40.07159034
2233,116.1725629,40.07167469
2234,116.1842891,40.07175785
2235,116.1960154,40.07183983
2236,116.2077417,40.07192062
2237,116.219468,40.07200022
2238,116.2311944,40.07207864
2239,116.2429208,40.07215587
2240,116.2546473,40.07223191
2241,116.2663738,40.07230677
2242,116.2781004,40.07238044
2243,116.289827,40.07245292
2244,116.3015537,40.07252421
2245,116.3132804,40.07259432
2246,116.3250071,40.07266324
2247,116.3367339,40.07273098
2248,116.3484607,40.07279753
2249,116.3601875,40.07286289
2250,116.3719144,40.07292706
2251,116.3836414,40.07299005
2252,116.3953683,40.07305185
2253,116.4070953,40.07311246
2254,116.4188224,40.07317189
2255,116.4305494,40.07323013
2256,116.4422765,40.07328718
2257,116.4540037,40.07334304
2258,116.4657308,40.07339772
2259,116.477458,40.07345121
2260,116.4891853,40.07350351
2261,116.5009125,40.07355463
2262,116.5126398,40.07360456
2263,116.5243672,40.0736533
2264,116.5360945,40.07370086
2265,116.5478219,40.07374723
2266,116.5595493,40.07379241
2267,116.5712767,40.0738364
2268,116.5830042,40.07387921
2269,116.5947317,40.07392083
2270,116.6064592,40.07396126
2271,116.6181867,40.07400051
2272,116.6299142,40.07403856
2284,116.1489985,40.08051349
2285,116.1607262,40.08059905
2286,116.1724539,40.08068343
2287,116.1841816,40.08076662
2288,116.1959094,40.08084862
2289,116.2076373,40.08092944
2290,116.2193652,40.08100907
2291,116.2310931,40.08108751
2292,116.2428211,40.08116476
2293,116.2545491,40.08124083
2294,116.2662772,40.08131571
2295,116.2780053,40.0813894
2296,116.2897334,40.08146191
2297,116.3014616,40.08153323
2298,116.3131899,40.08160336
2299,116.3249181,40.0816723
2300,116.3366465,40.08174006
2301,116.3483748,40.08180662
2302,116.3601032,40.08187201
2303,116.3718317,40.0819362
2304,116.3835601,40.08199921
2305,116.3952886,40.08206103
2306,116.4070172,40.08212166
2307,116.4187458,40.0821811
2308,116.4304744,40.08223936
2309,116.442203,40.08229643
2310,116.4539317,40.08235231
2311,116.4656604,40.08240701
2312,116.4773892,40.08246052
2313,116.489118,40.08251284
2314,116.5008468,40.08256397
2315,116.5125756,40.08261391
2316,116.5243045,40.08266267
2317,116.5360334,40.08271024
2318,116.5477623,40.08275663
2319,116.5594912,40.08280182
2320,116.5712202,40.08284583
2321,116.5829492,40.08288865
2322,116.5946782,40.08293028
2323,116.6064073,40.08297073
2324,116.6181364,40.08300999
2337,116.1488864,40.08952216
2338,116.1606155,40.08960775
2339,116.1723448,40.08969216
2340,116.1840741,40.08977537
2341,116.1958034,40.0898574
2342,116.2075328,40.08993825
2343,116.2192622,40.0900179
2344,116.2309917,40.09009637
2345,116.2427212,40.09017364
2346,116.2544508,40.09024974
2347,116.2661804,40.09032464
2348,116.2779101,40.09039835
2349,116.2896398,40.09047088
2350,116.3013695,40.09054222
2351,116.3130993,40.09061238
2352,116.3248291,40.09068134
2353,116.336559,40.09074912
2354,116.3482889,40.09081571
2355,116.3600189,40.09088111
2356,116.3717488,40.09094533
2357,116.3834789,40.09100835
2358,116.3952089,40.09107019
2359,116.406939,40.09113084
2360,116.4186691,40.09119031
2361,116.4303993,40.09124858
2362,116.4421295,40.09130567
2363,116.4538597,40.09136157
2364,116.46559,40.09141628
2365,116.4773203,40.09146981
2366,116.4890506,40.09152214
2367,116.500781,40.09157329
2368,116.5125113,40.09162325
2369,116.5242418,40.09167203
2370,116.5359722,40.09171961
2371,116.5477027,40.09176601
2372,116.5594332,40.09181122
2373,116.5711637,40.09185524
2374,116.5828942,40.09189808
2375,116.5946248,40.09193972
2376,116.6063554,40.09198018
2377,116.618086,40.09201945
2391,116.1605049,40.09861644
2392,116.1722356,40.09870087
2393,116.1839665,40.09878411
2394,116.1956974,40.09886617
2395,116.2074283,40.09894704
2396,116.2191593,40.09902672
2397,116.2308903,40.09910521
2398,116.2426214,40.09918251
2399,116.2543525,40.09925863
2400,116.2660837,40.09933355
2401,116.2778149,40.09940729
2402,116.2895461,40.09947984
2403,116.3012774,40.09955121
2404,116.3130087,40.09962138
2405,116.3247401,40.09969037
2406,116.3364715,40.09975817
2407,116.348203,40.09982478
2408,116.3599345,40.0998902
2409,116.371666,40.09995444
2410,116.3833976,40.10001748
2411,116.3951292,40.10007934
2412,116.4068608,40.10014001
2413,116.4185925,40.1001995
2414,116.4303242,40.10025779
2415,116.4420559,40.1003149
2416,116.4537877,40.10037081
2417,116.4655195,40.10042554
2418,116.4772513,40.10047909
2419,116.4889832,40.10053144
2420,116.5007151,40.1005826
2421,116.512447,40.10063258
2422,116.524179,40.10068137
2423,116.535911,40.10072897
2424,116.547643,40.10077538
2425,116.5593751,40.10082061
2426,116.5711071,40.10086464
2427,116.5828392,40.10090749
2428,116.5945713,40.10094915
2429,116.6063035,40.10098962
2430,116.6180356,40.1010289
2444,116.1603941,40.10762511
2445,116.1721265,40.10770957
2446,116.1838588,40.10779284
2447,116.1955913,40.10787492
2448,116.2073237,40.10795581
2449,116.2190563,40.10803552
2450,116.2307888,40.10811403
2451,116.2425215,40.10819136
2452,116.2542541,40.1082675
2453,116.2659868,40.10834245
2454,116.2777196,40.10841622
2455,116.2894524,40.10848879
2456,116.3011852,40.10856018
2457,116.3129181,40.10863037
2458,116.324651,40.10869938
2459,116.336384,40.1087672
2460,116.348117,40.10883383
2461,116.35985,40.10889928
2462,116.3715831,40.10896353
2463,116.3833162,40.1090266
2464,116.3950494,40.10908848
2465,116.4067825,40.10914917
2466,116.4185158,40.10920867
2467,116.430249,40.10926698
2468,116.4419823,40.10932411
2469,116.4537156,40.10938004
2470,116.465449,40.10943479
2471,116.4771824,40.10948835
2472,116.4889158,40.10954072
2473,116.5006492,40.1095919
2474,116.5123827,40.10964189
2475,116.5241162,40.1096907
2476,116.5358498,40.10973831
2477,116.5475833,40.10978474
2478,116.5593169,40.10982998
2479,116.5710505,40.10987403
2480,116.5827842,40.10991689
2481,116.5945178,40.10995856
2482,116.6062515,40.10999905
2497,116.1602833,40.11663377
2498,116.1720172,40.11671826
2499,116.1837511,40.11680155
2500,116.1954851,40.11688366
2501,116.2072191,40.11696458
2502,116.2189532,40.11704431
2503,116.2306873,40.11712285
2504,116.2424215,40.1172002
2505,116.2541557,40.11727636
2506,116.26589,40.11735134
2507,116.2776243,40.11742512
2508,116.2893586,40.11749772
2509,116.301093,40.11756913
2510,116.3128274,40.11763935
2511,116.3245619,40.11770838
2512,116.3362964,40.11777622
2513,116.348031,40.11784288
2514,116.3597655,40.11790834
2515,116.3715002,40.11797262
2516,116.3832348,40.1180357
2517,116.3949695,40.1180976
2518,116.4067043,40.11815831
2519,116.418439,40.11821783
2520,116.4301738,40.11827616
2521,116.4419087,40.1183333
2522,116.4536435,40.11838926
2523,116.4653785,40.11844402
2524,116.4771134,40.1184976
2525,116.4888484,40.11854998
2526,116.5005833,40.11860118
2527,116.5123184,40.11865119
2528,116.5240534,40.11870001
2529,116.5357885,40.11874764
2530,116.5475236,40.11879408
2531,116.5592588,40.11883934
2532,116.5709939,40.1188834
2533,116.5827291,40.11892627
2534,116.5944643,40.11896796
2535,116.6061996,40.11900846
2550,116.1601725,40.12564242
2551,116.1719079,40.12572693
2552,116.1836434,40.12581025
2553,116.1953789,40.12589238
2554,116.2071145,40.12597333
2555,116.2188501,40.12605308
2556,116.2305858,40.12613165
2557,116.2423215,40.12620902
2558,116.2540573,40.12628521
2559,116.2657931,40.12636021
2560,116.2775289,40.12643402
2561,116.2892648,40.12650664
2562,116.3010008,40.12657807
2563,116.3127367,40.12664831
2564,116.3244727,40.12671737
2565,116.3362088,40.12678523
2566,116.3479449,40.1268519
2567,116.359681,40.12691739
2568,116.3714172,40.12698169
2569,116.3831534,40.12704479
2570,116.3948897,40.12710671
2571,116.4066259,40.12716744
2572,116.4183623,40.12722698
2573,116.4300986,40.12728533
2574,116.441835,40.12734249
2575,116.4535714,40.12739846
2576,116.4653079,40.12745324
2577,116.4770444,40.12750683
2578,116.4887809,40.12755924
2579,116.5005174,40.12761045
2580,116.512254,40.12766047
2581,116.5239906,40.12770931
2582,116.5357272,40.12775696
2583,116.5474639,40.12780341
2584,116.5592006,40.12784868
2585,116.5709373,40.12789276
2586,116.582674,40.12793565
2587,116.5944108,40.12797734
2588,116.6061476,40.12801785
2603,116.1600616,40.13465105
2604,116.1717986,40.13473558
2605,116.1835356,40.13481893
2606,116.1952727,40.13490109
2607,116.2070098,40.13498206
2608,116.218747,40.13506184
2609,116.2304842,40.13514043
2610,116.2422215,40.13521783
2611,116.2539588,40.13529405
2612,116.2656961,40.13536907
2613,116.2774335,40.1354429
2614,116.289171,40.13551554
2615,116.3009085,40.135587
2616,116.312646,40.13565726
2617,116.3243835,40.13572634
2618,116.3361211,40.13579422
2619,116.3478588,40.13586092
2620,116.3595965,40.13592642
2621,116.3713342,40.13599074
2622,116.383072,40.13605387
2623,116.3948098,40.1361158
2624,116.4065476,40.13617655
2625,116.4182855,40.13623611
2626,116.4300234,40.13629448
2627,116.4417613,40.13635166
2628,116.4534993,40.13640764
2629,116.4652373,40.13646244
2630,116.4769753,40.13651605
2631,116.4887134,40.13656847
2632,116.5004515,40.1366197
2633,116.5121896,40.13666974
2634,116.5239277,40.13671859
2635,116.5356659,40.13676626
2636,116.5474041,40.13681273
2637,116.5591424,40.13685801
2638,116.5708806,40.1369021
2639,116.5826189,40.136945
2640,116.5943572,40.13698671
2641,116.6060956,40.13702724
2656,116.1599507,40.14365966
2657,116.1716892,40.14374423
2658,116.1834278,40.1438276
2659,116.1951664,40.14390979
2660,116.2069051,40.14399078
2661,116.2186438,40.14407059
2662,116.2303826,40.1441492
2663,116.2421214,40.14422663
2664,116.2538602,40.14430286
2665,116.2655991,40.14437791
2666,116.2773381,40.14445177
2667,116.2890771,40.14452443
2668,116.3008161,40.14459591
2669,116.3125552,40.1446662
2670,116.3242943,40.14473529
2671,116.3360335,40.1448032
2672,116.3477727,40.14486992
2673,116.3595119,40.14493544
2674,116.3712512,40.14499978
2675,116.3829905,40.14506293
2676,116.3947298,40.14512488
2677,116.4064692,40.14518565
2678,116.4182086,40.14524523
2679,116.4299481,40.14530361
2680,116.4416876,40.14536081
2681,116.4534271,40.14541682
2682,116.4651666,40.14547163
2683,116.4769062,40.14552526
2684,116.4886458,40.1455777
2685,116.5003855,40.14562894
2686,116.5121252,40.145679
2710,116.1715797,40.15275285
2711,116.1833199,40.15283626
2712,116.1950601,40.15291847
2713,116.2068003,40.15299949
2714,116.2185406,40.15307932
2715,116.2302809,40.15315796
2716,116.2420212,40.15323541
2717,116.2537616,40.15331167
2718,116.2655021,40.15338674
2719,116.2772426,40.15346062
2720,116.2889831,40.15353331
2721,116.3007237,40.15360481
2722,116.3124644,40.15367512
2723,116.324205,40.15374423
2724,116.3359457,40.15381216
2725,116.3476865,40.1538789
2726,116.3594273,40.15394445
2727,116.3711681,40.15400881
2728,116.3829089,40.15407197
2729,116.3946498,40.15413395
2730,116.4063908,40.15419473
2731,116.4181317,40.15425433
2732,116.4298727,40.15431274
2733,116.4416138,40.15436995
2734,116.4533549,40.15442597
2735,116.465096,40.15448081
2763,116.1714703,40.16176147
2764,116.1832119,40.1618449
2765,116.1949537,40.16192713
2766,116.2066954,40.16200818
2767,116.2184373,40.16208804
2768,116.2301791,40.1621667
2769,116.2419211,40.16224418
2770,116.253663,40.16232046
2771,116.265405,40.16239555
2772,116.2771471,40.16246946
2773,116.2888892,40.16254217
2774,116.3006313,40.16261369
2775,116.3123735,40.16268402
2776,116.3241157,40.16275316
2777,116.335858,40.16282111
2778,116.3476003,40.16288787
2823,116.2535643,40.17132924
2824,116.2653079,40.17140435
2825,116.2770515,40.17147828
2826,116.2887951,40.17155102
2827,116.3005388,40.17162256
2828,116.3122826,40.17169291
